catalogVersion	scenarioId	capabilityId	domain	name	tier	runtime	architecture	authorityLane	persistenceLane	setup	action	expected	refusal	evidenceFields	referenceTraceStatus	referenceTraceState	referenceTraceId	referenceTraceSource	repoExecutionStatus	repoAutomationStatus	repoEvidenceRefs	testKinds	architectureLegs	externalGates	claimBoundary	notes	repoEvidenceState	repoEvidenceReason
2.0.0-phase0.2	V2-FND-001-S001	DOC-01	document	Open SDK form and save without edit	A	modern	x64	SourceFirst	NoMutation	SDK project with Form1 designer and neutral resx	Open designer then invoke save without modifying the document	No source or resource diff and clean dirty state	NONE	reference_trace_status;reference_trace_state;reference_trace_id;reference_trace_source;repo_execution_status;repo_automation_status;repo_evidence_refs;test_kinds;architecture_legs;external_gates;claim_boundary;scenario_manifest;runtime_architecture;authority_lane;persistence_lane;input_artifacts;action_log;expected_result;refusal_result;source_diff;resource_diff;undo_redo;roundtrip;diagnostics;performance_budget;accessibility_notes;security_notes;repo_evidence_state;repo_evidence_reason	PASS	ARCHIVED	VS18.7.11911.148-20260821T123101Z-S001	docs/v2/reference-traces/VS18.7.11911.148-20260821T123101Z/V2-FND-001-S001/manifest.json	PASS	AUTOMATED	MEASURED_AT_RUNTIME	extension-host	catalog-x64;repo-functional	NONE	REPO_AUTOMATED	Real VS Code Extension Host opens the registered CustomEditor, invokes native save without edit, proves a clean visible tab, and verifies byte-identical source designer and resx artifacts; actual Visual Studio Enterprise 2026 18.7 opens the SDK form, executes Save All without an edit, and preserves the source, Designer, neutral resx, and project hashes exactly.	MEASURED_SUFFICIENT	NONE
2.0.0-phase0.2	V2-FND-001-S002	DOC-01	document	Refuse save after external designer source change	A	modern	arm64	CommandPlanner	NoMutation	Form is open with captured source fingerprint then .Designer.cs changes on disk	Invoke property edit and save	Mutation refuses before write and reports stale source fingerprint	STALE_SOURCE	reference_trace_status;reference_trace_state;reference_trace_id;reference_trace_source;repo_execution_status;repo_automation_status;repo_evidence_refs;test_kinds;architecture_legs;external_gates;claim_boundary;scenario_manifest;runtime_architecture;authority_lane;persistence_lane;input_artifacts;action_log;expected_result;refusal_result;source_diff;resource_diff;undo_redo;roundtrip;diagnostics;performance_budget;accessibility_notes;security_notes;repo_evidence_state;repo_evidence_reason	NOT_EXECUTED	NOT_CAPTURED	UNSET	VisualStudioWinFormsDesigner	PASS	AUTOMATED	MEASURED_AT_RUNTIME	unit;extension-host;e2e	catalog-arm64;physical-arm64-gated;repo-functional	VISUAL_STUDIO_REFERENCE_TRACE;ARM64_HARDWARE	REPO_AUTOMATED	The real open CustomEditor captures the generated-source baseline then receives an external write; a real geometry edit stays dirty, the registered save callback returns STALE_SOURCE, and the external bytes remain exact; physical ARM64 and Visual Studio reference traces remain external	MEASURED_SUFFICIENT	NONE
2.0.0-phase0.2	V2-FND-001-S003	DOC-01	roundtrip	Hot exit restores dirty document and undo stack	A	cross-runtime	cross-arch	CommandPlanner	MultiArtifactTransaction	Dirty form with one unsaved control move and one undo unit	Simulate extension host restart and reopen designer	Dirty state and undo unit are restored without reapplying a committed patch	NONE	reference_trace_status;reference_trace_state;reference_trace_id;reference_trace_source;repo_execution_status;repo_automation_status;repo_evidence_refs;test_kinds;architecture_legs;external_gates;claim_boundary;scenario_manifest;runtime_architecture;authority_lane;persistence_lane;input_artifacts;action_log;expected_result;refusal_result;source_diff;resource_diff;undo_redo;roundtrip;diagnostics;performance_budget;accessibility_notes;security_notes;repo_evidence_state;repo_evidence_reason	NOT_EXECUTED	NOT_CAPTURED	UNSET	VisualStudioWinFormsDesigner	PASS	AUTOMATED	MEASURED_AT_RUNTIME	extension-host	catalog-cross-arch;repo-functional	VISUAL_STUDIO_REFERENCE_TRACE	REPO_AUTOMATED	Real VS Code 1.84.0 and 1.134.0 processes create VS Code-owned backups for one modern and one compiled-net48 dirty CustomEditor, quit through the workbench, restart with the same workspace, explicitly reopen each designer through the workspace-local backup index, and prove exact dirty bytes, native Undo/Redo/final Undo, and unchanged source/Designer disk hashes. Clean, Save, and delayed-backup paths clear stale recovery entries. Actual Visual Studio reference execution remains external.	MEASURED_SUFFICIENT	NONE
2.0.0-phase0.2	V2-FND-001-S004	DOC-01	document	Save As refuses destination collision	A	net48	x64	CommandPlanner	NoMutation	Classic net48 project has existing CopyOfForm1.cs and CopyOfForm1.resx	Invoke Save As to CopyOfForm1	No files are overwritten and collision diagnostic names both existing targets	DESTINATION_EXISTS	reference_trace_status;reference_trace_state;reference_trace_id;reference_trace_source;repo_execution_status;repo_automation_status;repo_evidence_refs;test_kinds;architecture_legs;external_gates;claim_boundary;scenario_manifest;runtime_architecture;authority_lane;persistence_lane;input_artifacts;action_log;expected_result;refusal_result;source_diff;resource_diff;undo_redo;roundtrip;diagnostics;performance_budget;accessibility_notes;security_notes;repo_evidence_state;repo_evidence_reason	NOT_EXECUTED	NOT_CAPTURED	UNSET	VisualStudioWinFormsDesigner	PASS	AUTOMATED	MEASURED_AT_RUNTIME	extension-host;e2e	catalog-x64;repo-functional	VISUAL_STUDIO_REFERENCE_TRACE	REPO_AUTOMATED	An open classic v4.8 custom document invokes the registered provider Save As path; source and resx collisions are aggregated before any Designer sidecar write; Visual Studio reference trace remains external	MEASURED_SUFFICIENT	NONE
2.0.0-phase0.2	V2-FND-001-S005	DOC-02	document	Add new Form to SDK project creates source designer and resx	A	modern	x64	CommandPlanner	GeneratedFilesAtomic	SDK project without Form2 files	Add Windows Form named Form2	Form2.cs Form2.Designer.cs Form2.resx and project state are created atomically	NONE	reference_trace_status;reference_trace_state;reference_trace_id;reference_trace_source;repo_execution_status;repo_automation_status;repo_evidence_refs;test_kinds;architecture_legs;external_gates;claim_boundary;scenario_manifest;runtime_architecture;authority_lane;persistence_lane;input_artifacts;action_log;expected_result;refusal_result;source_diff;resource_diff;undo_redo;roundtrip;diagnostics;performance_budget;accessibility_notes;security_notes;repo_evidence_state;repo_evidence_reason	PASS	ARCHIVED	VS18.7.11911.148-20260823T030759Z-S005	docs/v2/reference-traces/VS18.7.11911.148-20260823T030759Z/V2-FND-001-S005/manifest.json	PASS	AUTOMATED	MEASURED_AT_RUNTIME	extension-host;e2e	catalog-x64;repo-functional	NONE	REPO_AUTOMATED	Actual Visual Studio Enterprise 2026 18.7 selects the exact modern SDK project through Solution Explorer, resolves Microsoft.CSharp.WindowsForm through Solution2.GetProjectItemTemplate, and creates S005GeneratedForm.cs, its nested Designer source, and nested neutral resx through ProjectItems.AddFromTemplate. The SDK csproj remains byte-identical, the solution rebuilds, and the generated Form opens in the real WinForms Designer. The only auxiliary top-level artifact is the exact Visual Studio per-user csproj.user subtype sidecar; its SHA-256 is archived and every other unexpected delta is forbidden. The real product Explorer Add command independently creates the same required three-artifact graph atomically, leaves the implicit project byte-identical, and opens a clean CustomEditor; forced-failure compensation remains S008.	MEASURED_SUFFICIENT	NONE
2.0.0-phase0.2	V2-FND-001-S006	DOC-02	document	Add UserControl to classic project updates project file	A	net48	x64	CommandPlanner	GeneratedFilesAtomic	Classic csproj without WidgetControl files	Add UserControl named WidgetControl	Exactly two template files are created; classic Compile SubType and Designer DependentUpon relationships are correct; no neutral resx or EmbeddedResource item is added	NONE	reference_trace_status;reference_trace_state;reference_trace_id;reference_trace_source;repo_execution_status;repo_automation_status;repo_evidence_refs;test_kinds;architecture_legs;external_gates;claim_boundary;scenario_manifest;runtime_architecture;authority_lane;persistence_lane;input_artifacts;action_log;expected_result;refusal_result;source_diff;resource_diff;undo_redo;roundtrip;diagnostics;performance_budget;accessibility_notes;security_notes;repo_evidence_state;repo_evidence_reason	PASS	ARCHIVED	VS18.7.11911.148-20260823T034954Z-S006	docs/v2/reference-traces/VS18.7.11911.148-20260823T034954Z/V2-FND-001-S006/manifest.json	PASS	AUTOMATED	MEASURED_AT_RUNTIME	unit;extension-host	catalog-x64;repo-functional	NONE	REPO_AUTOMATED	Actual Visual Studio Enterprise 2026 18.7 resolves Microsoft.CSharp.WindowsFormsUserControl and adds exactly source plus nested Designer source to the classic v4.8 project, persists one Compile SubType=UserControl and one Designer Compile DependentUpon relationship, adds no neutral resx or EmbeddedResource item, rebuilds, and opens the native designer. The real Explorer Add command now matches that two-file contract, atomically persists the two Compile relationships, leaves the project document clean, and opens the CustomEditor	MEASURED_SUFFICIENT	NONE
2.0.0-phase0.2	V2-FND-001-S007	DOC-02	safety	Refuse component class creation on unsafe name	A	modern	x64	CommandPlanner	NoMutation	Project root exists and requested item name contains path traversal	Add Component with name ..\Injected	No file is created and diagnostic reports invalid item name	invalidName	reference_trace_status;reference_trace_state;reference_trace_id;reference_trace_source;repo_execution_status;repo_automation_status;repo_evidence_refs;test_kinds;architecture_legs;external_gates;claim_boundary;scenario_manifest;runtime_architecture;authority_lane;persistence_lane;input_artifacts;action_log;expected_result;refusal_result;source_diff;resource_diff;undo_redo;roundtrip;diagnostics;performance_budget;accessibility_notes;security_notes;repo_evidence_state;repo_evidence_reason	NOT_EXECUTED	NOT_CAPTURED	UNSET	VisualStudioWinFormsDesigner	PASS	AUTOMATED	MEASURED_AT_RUNTIME	extension-host;e2e	catalog-x64;repo-functional	VISUAL_STUDIO_REFERENCE_TRACE	REPO_AUTOMATED	The real public Explorer Add Component command receives the unsafe traversal name, returns INVALID_NAME, and leaves the target directory entries byte-for-byte unchanged on VS Code 1.84.0 and 1.134.0. Visual Studio reference execution remains external.	MEASURED_SUFFICIENT	NONE
2.0.0-phase0.2	V2-FND-001-S008	DOC-02	document	Add Form collision rolls back partial artifacts	A	cross-runtime	cross-arch	CommandPlanner	GeneratedFilesAtomic	Target folder allows source create but resx write is forced to fail	Add Windows Form named PartialRollback	Any created source files are removed or journaled for compensation and project file is unchanged	applyFailed	reference_trace_status;reference_trace_state;reference_trace_id;reference_trace_source;repo_execution_status;repo_automation_status;repo_evidence_refs;test_kinds;architecture_legs;external_gates;claim_boundary;scenario_manifest;runtime_architecture;authority_lane;persistence_lane;input_artifacts;action_log;expected_result;refusal_result;source_diff;resource_diff;undo_redo;roundtrip;diagnostics;performance_budget;accessibility_notes;security_notes;repo_evidence_state;repo_evidence_reason	NOT_EXECUTED	NOT_CAPTURED	UNSET	VisualStudioWinFormsDesigner	PASS	AUTOMATED	MEASURED_AT_RUNTIME	unit;extension-host;e2e	catalog-cross-arch;repo-functional	VISUAL_STUDIO_REFERENCE_TRACE	REPO_AUTOMATED	The real Explorer Add orchestration is forced to fail on the third Form artifact after two successful creates; its shared atomic scaffold wrapper removes both partial files and leaves the project byte-identical before returning applyFailed	MEASURED_SUFFICIENT	NONE
2.0.0-phase0.2	V2-FND-001-S009	DOC-03	document	Refuse nested Form that Visual Studio cannot design	A	modern	x64	ReadOnlyInspector	NoMutation	Project contains partial class Outer.InnerForm split across two files	Open InnerForm designer	Open refuses before render with a nested-type diagnostic and no source Designer or project mutation	NESTED_DESIGNER_UNSUPPORTED	reference_trace_status;reference_trace_state;reference_trace_id;reference_trace_source;repo_execution_status;repo_automation_status;repo_evidence_refs;test_kinds;architecture_legs;external_gates;claim_boundary;scenario_manifest;runtime_architecture;authority_lane;persistence_lane;input_artifacts;action_log;expected_result;refusal_result;source_diff;resource_diff;undo_redo;roundtrip;diagnostics;performance_budget;accessibility_notes;security_notes;repo_evidence_state;repo_evidence_reason	PASS	ARCHIVED	VS18.7.11911.148-20260821T140047Z-S009	docs/v2/reference-traces/VS18.7.11911.148-20260821T140047Z/V2-FND-001-S009/manifest.json	PASS	AUTOMATED	MEASURED_AT_RUNTIME	unit;extension-host	catalog-x64;repo-functional	NONE	REPO_AUTOMATED	Actual Visual Studio Enterprise 2026 18.7 displays its fail-closed designer error page because no class in the nested-form file can be designed and leaves both partials byte-identical. The real product CustomEditor now refuses the same nested CLR identity at the mandatory pre-render owner gate, publishes no canvas, and preserves source Designer and project bytes.	MEASURED_SUFFICIENT	NONE
2.0.0-phase0.2	V2-FND-001-S010	DOC-03	document	Resolve co-owned partial designer ownership, or refuse when the owner changes the render	A	modern	x64	ReadOnlyInspector	NoMutation	Two projects include files declaring the same partial Form type	Open designer from the shared source file, once with two modern co-owners and once with a modern/classic pair	Modern-only co-owners resolve to a deterministic ordinal-first owner and render, with every contender still reported; a contender that can select the rendered binary (classic, multi-target or undeclared TFM) refuses with the ambiguous owner list. Neither path mutates	AMBIGUOUS_OWNER	reference_trace_status;reference_trace_state;reference_trace_id;reference_trace_source;repo_execution_status;repo_automation_status;repo_evidence_refs;test_kinds;architecture_legs;external_gates;claim_boundary;scenario_manifest;runtime_architecture;authority_lane;persistence_lane;input_artifacts;action_log;expected_result;refusal_result;source_diff;resource_diff;undo_redo;roundtrip;diagnostics;performance_budget;accessibility_notes;security_notes;repo_evidence_state;repo_evidence_reason	NOT_EXECUTED	NOT_CAPTURED	UNSET	VisualStudioWinFormsDesigner	PASS	AUTOMATED	MEASURED_AT_RUNTIME	unit;extension-host;e2e	catalog-x64;repo-functional	VISUAL_STUDIO_REFERENCE_TRACE	REPO_AUTOMATED	A real shared-source CustomEditor open supplies the two bounded project contenders to the engine gate. With two modern SDK contenders the gate resolves to the ordinal-first project and the form renders — the owner never reaches the renderer on that route, so the pick is inert — while both exact owner paths stay exposed. Rewriting one contender as a classic TargetFrameworkVersion project restores the fail-closed AMBIGUOUS_OWNER refusal before render, because the owner would then select which compiled binary the form is instantiated from. Both halves leave all source and project bytes unchanged	MEASURED_SUFFICIENT	NONE
2.0.0-phase0.2	V2-FND-001-S011	DOC-03	document	Resolve generic base form with concrete derived form	A	net48	x64	ReadOnlyInspector	ReadOnly	DerivedForm inherits BaseForm<int> and has its own InitializeComponent	Open DerivedForm designer	Derived form opens using derived designer source and base metadata is read-only	NONE	reference_trace_status;reference_trace_state;reference_trace_id;reference_trace_source;repo_execution_status;repo_automation_status;repo_evidence_refs;test_kinds;architecture_legs;external_gates;claim_boundary;scenario_manifest;runtime_architecture;authority_lane;persistence_lane;input_artifacts;action_log;expected_result;refusal_result;source_diff;resource_diff;undo_redo;roundtrip;diagnostics;performance_budget;accessibility_notes;security_notes;repo_evidence_state;repo_evidence_reason	PASS	ARCHIVED	VS18.7.11911.148-20260821T124034Z-S011	docs/v2/reference-traces/VS18.7.11911.148-20260821T124034Z/V2-FND-001-S011/manifest.json	PASS	AUTOMATED	MEASURED_AT_RUNTIME	unit;extension-host;e2e	catalog-x64;repo-functional	NONE	REPO_AUTOMATED	Actual Visual Studio and the product both resolve the concrete GenericBaseForm<int> shape with inherited Label and derived Button. The net48 stale-base handshake now preserves concrete generic arguments, so the live product uses interpreted mode; the client comparison differs on only 113/64800 pixels (0.174383 percent, MAE 0.149388), within the frozen tolerance.	MEASURED_SUFFICIENT	NONE
2.0.0-phase0.2	V2-FND-001-S012	DOC-03	document	Open proven empty Form without InitializeComponent	A	cross-runtime	cross-arch	ReadOnlyInspector	NoMutation	Buildable Form has exactly one empty Designer partial and no InitializeComponent or neutral resx	Open designer	A blank read-only design surface opens without changing source Designer or project and without synthesizing placeholder source	NONE	reference_trace_status;reference_trace_state;reference_trace_id;reference_trace_source;repo_execution_status;repo_automation_status;repo_evidence_refs;test_kinds;architecture_legs;external_gates;claim_boundary;scenario_manifest;runtime_architecture;authority_lane;persistence_lane;input_artifacts;action_log;expected_result;refusal_result;source_diff;resource_diff;undo_redo;roundtrip;diagnostics;performance_budget;accessibility_notes;security_notes;repo_evidence_state;repo_evidence_reason	PASS	ARCHIVED	VS18.7.11911.148-20260821T132217Z-S012	docs/v2/reference-traces/VS18.7.11911.148-20260821T132217Z/V2-FND-001-S012/manifest.json	PASS	AUTOMATED	MEASURED_AT_RUNTIME	unit;extension-host	catalog-cross-arch;repo-functional	NONE	REPO_AUTOMATED	Actual Visual Studio Enterprise 2026 18.7 opens a blank design surface and preserves source Designer and project bytes; Save All creates a neutral resx. The product matches the bounded blank open on VS Code 1.84.0 and Stable 1.134.0, exposes a read-only root, refuses mutation, preserves all three input artifacts, and deliberately does not create a resx. Broader Visual Studio edit and save-generation parity remains unclaimed.	MEASURED_SUFFICIENT	NONE
2.0.0-phase0.2	V2-FND-001-S013	SRF-01	surface	Render standard Button Text Image and FlatStyle	A	modern	x64	WorkerSupervisor	ReadOnly	Form contains Button with text image alignment and FlatStyle.Popup	Capture designer surface	Rendered bounds and visible state match reference tolerance	NONE	reference_trace_status;reference_trace_state;reference_trace_id;reference_trace_source;repo_execution_status;repo_automation_status;repo_evidence_refs;test_kinds;architecture_legs;external_gates;claim_boundary;scenario_manifest;runtime_architecture;authority_lane;persistence_lane;input_artifacts;action_log;expected_result;refusal_result;source_diff;resource_diff;undo_redo;roundtrip;diagnostics;performance_budget;accessibility_notes;security_notes;repo_evidence_state;repo_evidence_reason	PASS	ARCHIVED	VS18.0-20260821T082946Z-S013	docs/v2/reference-traces/VS18.0-20260821T082946Z/V2-FND-001-S013/manifest.json	PASS	AUTOMATED	MEASURED_AT_RUNTIME	unit;e2e	catalog-x64;repo-functional	NONE	REPO_AUTOMATED	The modern product render now materializes the allowlisted SystemIcons.Information.ToBitmap image; the CI comparison hashes the archived VS input and measures the matching 360x180 client surface at 0/64800 different pixels on the capture host.	MEASURED_SUFFICIENT	NONE
2.0.0-phase0.2	V2-FND-001-S014	SRF-01	surface	Render TextBox multiline scrollbars and border style	A	net48	x64	WorkerSupervisor	ReadOnly	Form contains multiline TextBox with vertical scrollbars and fixed single border	Capture designer surface	TextBox client area scrollbars and border match reference tolerance	NONE	reference_trace_status;reference_trace_state;reference_trace_id;reference_trace_source;repo_execution_status;repo_automation_status;repo_evidence_refs;test_kinds;architecture_legs;external_gates;claim_boundary;scenario_manifest;runtime_architecture;authority_lane;persistence_lane;input_artifacts;action_log;expected_result;refusal_result;source_diff;resource_diff;undo_redo;roundtrip;diagnostics;performance_budget;accessibility_notes;security_notes;repo_evidence_state;repo_evidence_reason	PASS	ARCHIVED	VS18.0-20260821T082946Z-S014	docs/v2/reference-traces/VS18.0-20260821T082946Z/V2-FND-001-S014/manifest.json	PASS	AUTOMATED	MEASURED_AT_RUNTIME	unit;e2e	catalog-x64;repo-functional	NONE	REPO_AUTOMATED	The net48 interpreted product render clears transient host focus before capture; the CI comparison hashes the archived VS input and measures the matching 360x180 client surface at 0/64800 different pixels on the capture host.	MEASURED_SUFFICIENT	NONE
2.0.0-phase0.2	V2-FND-001-S015	SRF-01	surface	Hit test overlapping labels by z order	A	modern	arm64	WorkerSupervisor	ReadOnly	Two Labels overlap and have different TabIndex and z order	Click the overlapping pixel	Selection target is the top z-order label	NONE	reference_trace_status;reference_trace_state;reference_trace_id;reference_trace_source;repo_execution_status;repo_automation_status;repo_evidence_refs;test_kinds;architecture_legs;external_gates;claim_boundary;scenario_manifest;runtime_architecture;authority_lane;persistence_lane;input_artifacts;action_log;expected_result;refusal_result;source_diff;resource_diff;undo_redo;roundtrip;diagnostics;performance_budget;accessibility_notes;security_notes;repo_evidence_state;repo_evidence_reason	PASS	ARCHIVED	VS18.7.11911.148-20260823T003946Z-S015	docs/v2/reference-traces/VS18.7.11911.148-20260823T003946Z/V2-FND-001-S015/manifest.json	PASS	AUTOMATED	MEASURED_AT_RUNTIME	unit;webview	catalog-arm64;physical-arm64-gated;repo-functional	ARM64_HARDWARE	REPO_AUTOMATED	Actual Visual Studio Enterprise 2026 18.7 x64 opens a supported net10.0-windows form with two Labels at the exact same 158x46 accessible bounds, clicks the center of their shared rectangle through the real InputShield/capture HWND, and exposes Text=Top z-order in the native Properties grid for the first Controls.Add sibling at WinForms z-order index 0. Source SHA-256 28e5e38f6e07d4a1716c2f4ce63b34d1d638204e438519c0ce7ea4327bedbf85, Designer SHA-256 13bf49f557caf3c0ea2a4361caebc32de3e07b30639746038d74450ed2a171aa, and project SHA-256 a6c6eeb100f8038132dd69dcc556b43f5fb54463794986e148a9317fe8bf748a remain byte-identical; screenshot SHA-256 is b63e7abb10791952eb565c6547dbfd3e6d06f12a383048297d3090859012eb49. Repository unit/webview evidence covers matching WinForms z-order sorting and top-label selection; physical ARM64 remains external.	MEASURED_SUFFICIENT	NONE
2.0.0-phase0.2	V2-FND-001-S016	SRF-01	performance	Render 300-control form within frozen budget	A	cross-runtime	cross-arch	WorkerSupervisor	ReadOnly	Form contains 300 mixed standard controls at 100 percent DPI	Capture preview and publish canvas revision	Initial capture preview commit and reconciliation timings stay within catalog budget	NONE	reference_trace_status;reference_trace_state;reference_trace_id;reference_trace_source;repo_execution_status;repo_automation_status;repo_evidence_refs;test_kinds;architecture_legs;external_gates;claim_boundary;scenario_manifest;runtime_architecture;authority_lane;persistence_lane;input_artifacts;action_log;expected_result;refusal_result;source_diff;resource_diff;undo_redo;roundtrip;diagnostics;performance_budget;accessibility_notes;security_notes;repo_evidence_state;repo_evidence_reason	NOT_EXECUTED	NOT_CAPTURED	UNSET	VisualStudioWinFormsDesigner	PASS	AUTOMATED	MEASURED_AT_RUNTIME	unit;extension-host	catalog-cross-arch;catalog-x64;repo-functional	VISUAL_STUDIO_REFERENCE_TRACE;PERFORMANCE_LAB	REPO_AUTOMATED	Real x64 CustomEditor runs on VS Code 1.84.0 and 1.134.0 render 300 mixed standard controls through modern and net48 with 301 layout nodes; frozen initial <=5000ms and commit/reconciliation <=500ms gates pass, same-snapshot Properties and native Undo are exact, and disk stays byte-identical; actual Visual Studio reference trace, physical cross-architecture execution, and external performance-lab p95 remain external	MEASURED_SUFFICIENT	NONE
2.0.0-phase0.2	V2-FND-001-S017	SRF-02	surface	Mouse marquee selects intersecting controls inside same container	A	modern	x64	CommandPlanner	NoMutation	Panel contains four child Buttons and form contains two outside Buttons	Drag marquee across two fully enclosed Panel children and one partially intersected child	All intersecting direct children of the active Panel are selected while same-Panel nonintersecting and Form-level controls remain unselected	NONE	reference_trace_status;reference_trace_state;reference_trace_id;reference_trace_source;repo_execution_status;repo_automation_status;repo_evidence_refs;test_kinds;architecture_legs;external_gates;claim_boundary;scenario_manifest;runtime_architecture;authority_lane;persistence_lane;input_artifacts;action_log;expected_result;refusal_result;source_diff;resource_diff;undo_redo;roundtrip;diagnostics;performance_budget;accessibility_notes;security_notes;repo_evidence_state;repo_evidence_reason	PASS	ARCHIVED	VS18.7.11911.148-20260824T072607Z-S017	docs/v2/reference-traces/VS18.7.11911.148-20260824T072607Z/V2-FND-001-S017/manifest.json	PASS	AUTOMATED	MEASURED_AT_RUNTIME	webview;e2e	catalog-x64;repo-functional	NONE	REPO_AUTOMATED	Actual Visual Studio Enterprise 2026 18.7 selects all three intersecting direct children of the active Panel, including the partially intersected Button; a reversible Copy/Paste probe duplicates exactly those three Text identities, excludes the same-Panel nonintersecting and Form-level controls, and leaves the marquee/Copy source bytes exact. The native Undo restores the original semantic shape while the modern CodeDOM serializer only reorders component blocks. Repo webview evidence now uses the same intersection rule and active-container boundary.	MEASURED_SUFFICIENT	NONE
2.0.0-phase0.2	V2-FND-001-S018	SRF-02	accessibility	Keyboard traversal moves selection through nested controls	A	modern	x64	CommandPlanner	NoMutation	GroupBox contains TextBox Button CheckBox with form-level siblings	Use Tab and Shift+Tab traversal, then Escape parent selection	Selection follows WinForms TabIndex order and focus rectangle is visible	NONE	reference_trace_status;reference_trace_state;reference_trace_id;reference_trace_source;repo_execution_status;repo_automation_status;repo_evidence_refs;test_kinds;architecture_legs;external_gates;claim_boundary;scenario_manifest;runtime_architecture;authority_lane;persistence_lane;input_artifacts;action_log;expected_result;refusal_result;source_diff;resource_diff;undo_redo;roundtrip;diagnostics;performance_budget;accessibility_notes;security_notes;repo_evidence_state;repo_evidence_reason	NOT_EXECUTED	NOT_CAPTURED	UNSET	VisualStudioWinFormsDesigner	PASS	AUTOMATED	MEASURED_AT_RUNTIME	webview;e2e	catalog-x64;repo-functional	VISUAL_STUDIO_REFERENCE_TRACE;ACCESSIBILITY_AT	REPO_AUTOMATED	Repo webview evidence covers nested WinForms TabIndex traversal and focus rectangle; Visual Studio reference and assistive-tech acceptance remain external	MEASURED_SUFFICIENT	NONE
2.0.0-phase0.2	V2-FND-001-S019	SRF-02	surface	Ctrl click toggles multi-selection without losing primary	A	net48	x64	CommandPlanner	NoMutation	Form contains three selectable controls	Select first then Ctrl-click second and third	Primary selection and multi-selection set match Visual Studio reference	NONE	reference_trace_status;reference_trace_state;reference_trace_id;reference_trace_source;repo_execution_status;repo_automation_status;repo_evidence_refs;test_kinds;architecture_legs;external_gates;claim_boundary;scenario_manifest;runtime_architecture;authority_lane;persistence_lane;input_artifacts;action_log;expected_result;refusal_result;source_diff;resource_diff;undo_redo;roundtrip;diagnostics;performance_budget;accessibility_notes;security_notes;repo_evidence_state;repo_evidence_reason	NOT_EXECUTED	NOT_CAPTURED	UNSET	VisualStudioWinFormsDesigner	PASS	AUTOMATED	MEASURED_AT_RUNTIME	webview;e2e	catalog-x64;repo-functional	VISUAL_STUDIO_REFERENCE_TRACE	REPO_AUTOMATED	Repo webview evidence covers primary anchor retention and deterministic primary replacement; Visual Studio reference trace remains external	MEASURED_SUFFICIENT	NONE
2.0.0-phase0.2	V2-FND-001-S020	SRF-02	recovery	Stale canvas click is ignored after newer revision	A	cross-runtime	cross-arch	CommandPlanner	NoMutation	Canvas revision 10 is visible but revision 11 is pending before input	Click control and press keyboard selection/nudge commands from stale revision	Mouse and keyboard input are rejected until the newer generation is drawn	STALE_CANVAS	reference_trace_status;reference_trace_state;reference_trace_id;reference_trace_source;repo_execution_status;repo_automation_status;repo_evidence_refs;test_kinds;architecture_legs;external_gates;claim_boundary;scenario_manifest;runtime_architecture;authority_lane;persistence_lane;input_artifacts;action_log;expected_result;refusal_result;source_diff;resource_diff;undo_redo;roundtrip;diagnostics;performance_budget;accessibility_notes;security_notes;repo_evidence_state;repo_evidence_reason	NOT_EXECUTED	NOT_CAPTURED	UNSET	VisualStudioWinFormsDesigner	PASS	AUTOMATED	MEASURED_AT_RUNTIME	extension-host;webview;e2e	catalog-cross-arch;repo-functional	VISUAL_STUDIO_REFERENCE_TRACE	REPO_AUTOMATED	The real CustomEditor advances a genuine fullRender from generation N to N+1, then the host-authoritative generation gate rejects stale click and keyboard-nudge intents as STALE_CANVAS on modern and compiled-net48 sessions without changing selection, Designer text, dirty state, native history, or disk hashes. A fresh N+1 pick resumes normally on VS Code 1.84.0 and 1.134.0; the actual Visual Studio reference trace remains external.	MEASURED_SUFFICIENT	NONE
2.0.0-phase0.2	V2-FND-001-S021	SRF-03	layout	Move selected controls as one transaction	A	modern	x64	CommandPlanner	LaneA_MinimalSource	Two Buttons are multi-selected on a form	Drag selection by 17 by 9 pixels	Both Location assignments update once and undo restores both	NONE	reference_trace_status;reference_trace_state;reference_trace_id;reference_trace_source;repo_execution_status;repo_automation_status;repo_evidence_refs;test_kinds;architecture_legs;external_gates;claim_boundary;scenario_manifest;runtime_architecture;authority_lane;persistence_lane;input_artifacts;action_log;expected_result;refusal_result;source_diff;resource_diff;undo_redo;roundtrip;diagnostics;performance_budget;accessibility_notes;security_notes;repo_evidence_state;repo_evidence_reason	PASS	ARCHIVED	VS18.7.11911.148-20260822T160305Z-S021	docs/v2/reference-traces/VS18.7.11911.148-20260822T160305Z/V2-FND-001-S021/manifest.json	PASS	AUTOMATED	MEASURED_AT_RUNTIME	extension-host	catalog-x64;repo-functional	NONE	REPO_AUTOMATED	Actual Visual Studio Enterprise 2026 18.7 multi-selects both Buttons and executes a real WinForms Designer drag by +17,+9 through InputShield and the internal capture window: Locations change (21,27)/(50,60) to (38,36)/(67,69), one native Undo restores both, one Redo reapplies both, live bounds move exactly +17,+9, and source/project remain byte-identical. The real open modern CustomEditor applies the same two Locations through one engine-authorized group transaction; one native VS Code Undo restores both, one Redo reapplies both, and the unsaved gesture does not touch disk.	MEASURED_SUFFICIENT	NONE
2.0.0-phase0.2	V2-FND-001-S022	SRF-03	layout	Resize anchored control preserves anchor semantics	A	modern	arm64	CommandPlanner	LaneA_MinimalSource	Button has Anchor Top Left Right and fixed starting Size	Resize right edge	Size changes but Anchor assignment remains unchanged and layout reconciles	NONE	reference_trace_status;reference_trace_state;reference_trace_id;reference_trace_source;repo_execution_status;repo_automation_status;repo_evidence_refs;test_kinds;architecture_legs;external_gates;claim_boundary;scenario_manifest;runtime_architecture;authority_lane;persistence_lane;input_artifacts;action_log;expected_result;refusal_result;source_diff;resource_diff;undo_redo;roundtrip;diagnostics;performance_budget;accessibility_notes;security_notes;repo_evidence_state;repo_evidence_reason	PASS	ARCHIVED	VS18.7.11911.148-20260821T150518Z-S022	docs/v2/reference-traces/VS18.7.11911.148-20260821T150518Z/V2-FND-001-S022/manifest.json	PASS	AUTOMATED	MEASURED_AT_RUNTIME	unit;extension-host	catalog-arm64;physical-arm64-gated;repo-functional	ARM64_HARDWARE	REPO_AUTOMATED	Actual Visual Studio Enterprise 2026 18.7 selects anchoredButton in the real WinForms Designer and drags its east sizing handle by 40 physical pixels: Size changes 120x30 to 160x30, Anchor and Location remain exact, source and project stay byte-identical, and the four CodeDOM separator-comment normalizations are archived byte-exactly. The real product CustomEditor uses its engine-authorized resize ingress, changes only the Size assignment, leaves disk untouched until save, and one native Undo/Redo unit restores and reapplies the change on VS Code 1.84.0 and 1.134.0. Physical ARM64 execution remains externally gated.	MEASURED_SUFFICIENT	NONE
2.0.0-phase0.2	V2-FND-001-S023	SRF-03	layout	Reparent Button from Panel to GroupBox converts coordinates	A	net48	x64	CommandPlanner	LaneA_MinimalSource	Panel and GroupBox overlap with Button child in Panel	Drag Button into GroupBox	Parent collection and Location are updated to reference-equivalent child coordinates	NONE	reference_trace_status;reference_trace_state;reference_trace_id;reference_trace_source;repo_execution_status;repo_automation_status;repo_evidence_refs;test_kinds;architecture_legs;external_gates;claim_boundary;scenario_manifest;runtime_architecture;authority_lane;persistence_lane;input_artifacts;action_log;expected_result;refusal_result;source_diff;resource_diff;undo_redo;roundtrip;diagnostics;performance_budget;accessibility_notes;security_notes;repo_evidence_state;repo_evidence_reason	NOT_EXECUTED	NOT_CAPTURED	UNSET	VisualStudioWinFormsDesigner	PASS	AUTOMATED	MEASURED_AT_RUNTIME	unit;extension-host	catalog-x64;repo-functional	VISUAL_STUDIO_REFERENCE_TRACE	REPO_AUTOMATED	A real freshly built net48 CustomEditor rebases button1 from panel1 to groupBox1 using the authoritative full-frame layout, persists Location 10,15 with the new parent collection, and proves one native Undo/Redo unit plus byte-identical disk	MEASURED_SUFFICIENT	NONE
2.0.0-phase0.2	V2-FND-001-S024	SRF-03	safety	Refuse paste that would duplicate existing component name	A	cross-runtime	cross-arch	CommandPlanner	NoMutation	Clipboard contains Button named submitButton and form already has submitButton	Paste clipboard into designer	Paste refuses or requires generated non-colliding name before mutation	NONE	reference_trace_status;reference_trace_state;reference_trace_id;reference_trace_source;repo_execution_status;repo_automation_status;repo_evidence_refs;test_kinds;architecture_legs;external_gates;claim_boundary;scenario_manifest;runtime_architecture;authority_lane;persistence_lane;input_artifacts;action_log;expected_result;refusal_result;source_diff;resource_diff;undo_redo;roundtrip;diagnostics;performance_budget;accessibility_notes;security_notes;repo_evidence_state;repo_evidence_reason	PASS	ARCHIVED	VS18.7.11911.148-20260823T020455Z-S024	docs/v2/reference-traces/VS18.7.11911.148-20260823T020455Z/V2-FND-001-S024/manifest.json	PASS	AUTOMATED	MEASURED_AT_RUNTIME	extension-host;unit	catalog-cross-arch;physical-arm64-gated;repo-functional	ARM64_HARDWARE	REPO_AUTOMATED	Actual Visual Studio Enterprise 2026 18.7 x64 independently executes native Edit.Copy/Edit.Paste on equivalent modern and net48 Forms with an occupied submitButton. Both lanes preserve the original, generate unique button1, copy Text and 124x32 Size, serialize TabIndex 1 with one root owner, undo to the exact original shape, and redo the first Paste byte-for-byte while source/project hashes remain exact. Modern selection travels through the real InputShield; net48 selection uses the native SysTreeView32 Document Outline row. Both Visual Studio lanes place the clone at 98,74; the product's bounded 8px placement differs spatially but matches the scenario's collision-safety, identity, property, ownership, and transaction claim on VS Code 1.84.0 and 1.134.0. Screenshot SHA-256 values are 7b7516fae8eca70375202887fcc943f1fa169594d7baa65003f64637be297da2 (modern) and 2a2bb6cd215307594f8345c746fa93846bcf57b412b328a18032d38bc9894089 (net48); physical ARM64 remains external.	MEASURED_SUFFICIENT	NONE
2.0.0-phase0.2	V2-FND-001-S025	LAY-01	layout	SnapLine aligns Button baseline to TextBox	A	modern	x64	CommandPlanner	LaneA_MinimalSource	Form contains TextBox and a Button near matching baseline	Drag Button vertically near TextBox baseline	Compatible text baseline wins over the nearer center line, a baseline guide appears in the product, and final Location matches the actual Visual Studio reference	NONE	reference_trace_status;reference_trace_state;reference_trace_id;reference_trace_source;repo_execution_status;repo_automation_status;repo_evidence_refs;test_kinds;architecture_legs;external_gates;claim_boundary;scenario_manifest;runtime_architecture;authority_lane;persistence_lane;input_artifacts;action_log;expected_result;refusal_result;source_diff;resource_diff;undo_redo;roundtrip;diagnostics;performance_budget;accessibility_notes;security_notes;repo_evidence_state;repo_evidence_reason	PASS	ARCHIVED	VS18.7.11911.148-20260823T044854Z-S025	docs/v2/reference-traces/VS18.7.11911.148-20260823T044854Z/V2-FND-001-S025/manifest.json	PASS	AUTOMATED	MEASURED_AT_RUNTIME	unit;webview	catalog-x64;repo-functional	NONE	REPO_AUTOMATED	Actual Visual Studio Enterprise 2026 18.7 drags the default 100x30 Button from source Y=80 toward the default 120x23 TextBox at Y=40: the raw pointer target is Y=36, but the native designer gives the compatible Button/TextBox baseline offsets 21/16 priority over the fractionally nearer center line and persists Y=35. Button X/Size, the reference TextBox, source, and project remain exact; Save All creates one archived standard empty neutral Form resx. The product engine now publishes live ButtonBase and TextBox baselines, the canvas gives that authoritative candidate priority, displays the exact baseline guide, and commits full-frame window Y 67 to 66, which maps back to source Y=35. Exact engine-unit and real-webview tests freeze both halves.	MEASURED_SUFFICIENT	NONE
2.0.0-phase0.2	V2-FND-001-S026	LAY-01	layout	SnapToGrid rounds movement to configured grid	A	modern	x64	CommandPlanner	LaneA_MinimalSource	Grid mode is SnapToGrid with 8 by 8 spacing	Drag Label by a non-grid delta	Final Location is rounded to the same grid point as reference	NONE	reference_trace_status;reference_trace_state;reference_trace_id;reference_trace_source;repo_execution_status;repo_automation_status;repo_evidence_refs;test_kinds;architecture_legs;external_gates;claim_boundary;scenario_manifest;runtime_architecture;authority_lane;persistence_lane;input_artifacts;action_log;expected_result;refusal_result;source_diff;resource_diff;undo_redo;roundtrip;diagnostics;performance_budget;accessibility_notes;security_notes;repo_evidence_state;repo_evidence_reason	PASS	ARCHIVED	VS18.7.11911.148-20260824T062506Z-S026	docs/v2/reference-traces/VS18.7.11911.148-20260824T062506Z/V2-FND-001-S026/manifest.json	PASS	AUTOMATED	MEASURED_AT_RUNTIME	webview;e2e	catalog-x64;repo-functional	NONE	REPO_AUTOMATED	Actual Visual Studio Enterprise 2026 18.7 x64 set LayoutMode=1, ShowGrid=true, and SnapToGrid=true, then moved an AutoSize Label from (13,25) by raw (+20,0): persisted Location (32,24) on the effective 8x8 parent grid, preserved Size 57x15 plus reference source/project/control and a standard empty resx, and restored exact original options 0/true/true. The full-frame webview test mirrors that movement result and also covers grid-aware resize.	MEASURED_SUFFICIENT	NONE
2.0.0-phase0.2	V2-FND-001-S027	LAY-01	layout	Alt drag bypasses snap behavior	A	net48	x64	CommandPlanner	LaneA_MinimalSource	SnapLines are enabled and Button is near another control	Alt-drag Button by 5 by 3 pixels	No snap is applied and exact pointer delta is committed	NONE	reference_trace_status;reference_trace_state;reference_trace_id;reference_trace_source;repo_execution_status;repo_automation_status;repo_evidence_refs;test_kinds;architecture_legs;external_gates;claim_boundary;scenario_manifest;runtime_architecture;authority_lane;persistence_lane;input_artifacts;action_log;expected_result;refusal_result;source_diff;resource_diff;undo_redo;roundtrip;diagnostics;performance_budget;accessibility_notes;security_notes;repo_evidence_state;repo_evidence_reason	NOT_EXECUTED	NOT_CAPTURED	UNSET	VisualStudioWinFormsDesigner	PASS	AUTOMATED	MEASURED_AT_RUNTIME	webview;e2e	catalog-x64;repo-functional	VISUAL_STUDIO_REFERENCE_TRACE	REPO_AUTOMATED	Repo webview evidence covers Alt bypass preserving the raw pointer delta under snaplines; Visual Studio reference trace remains external	MEASURED_SUFFICIENT	NONE
2.0.0-phase0.2	V2-FND-001-S028	LAY-01	accessibility	Grid visibility toggles without source mutation	A	cross-runtime	cross-arch	CommandPlanner	NoMutation	ShowGrid setting is toggled while form is clean	Toggle grid visibility twice	Canvas overlay changes and document remains clean	NONE	reference_trace_status;reference_trace_state;reference_trace_id;reference_trace_source;repo_execution_status;repo_automation_status;repo_evidence_refs;test_kinds;architecture_legs;external_gates;claim_boundary;scenario_manifest;runtime_architecture;authority_lane;persistence_lane;input_artifacts;action_log;expected_result;refusal_result;source_diff;resource_diff;undo_redo;roundtrip;diagnostics;performance_budget;accessibility_notes;security_notes;repo_evidence_state;repo_evidence_reason	NOT_EXECUTED	NOT_CAPTURED	UNSET	VisualStudioWinFormsDesigner	PASS	AUTOMATED	MEASURED_AT_RUNTIME	webview;e2e	catalog-cross-arch;repo-functional	VISUAL_STUDIO_REFERENCE_TRACE	REPO_AUTOMATED	Repo webview evidence covers show-grid as a view-only overlay with no edit post; Visual Studio reference trace remains external	MEASURED_SUFFICIENT	NONE
2.0.0-phase0.2	V2-FND-001-S029	LAY-02	layout	Align left command updates multi-selection	A	modern	x64	CommandPlanner	LaneA_MinimalSource	Three Buttons are selected with different X coordinates	Invoke Align Left	All selected controls share primary selection X and undo restores all	NONE	reference_trace_status;reference_trace_state;reference_trace_id;reference_trace_source;repo_execution_status;repo_automation_status;repo_evidence_refs;test_kinds;architecture_legs;external_gates;claim_boundary;scenario_manifest;runtime_architecture;authority_lane;persistence_lane;input_artifacts;action_log;expected_result;refusal_result;source_diff;resource_diff;undo_redo;roundtrip;diagnostics;performance_budget;accessibility_notes;security_notes;repo_evidence_state;repo_evidence_reason	PASS	ARCHIVED	VS18.7.11911.148-20260821T160747Z-S029	docs/v2/reference-traces/VS18.7.11911.148-20260821T160747Z/V2-FND-001-S029/manifest.json	PASS	AUTOMATED	MEASURED_AT_RUNTIME	extension-host;webview	catalog-x64;repo-functional	NONE	REPO_AUTOMATED	Actual Visual Studio Enterprise 2026 18.7 selects all three Buttons and executes the native Format.AlignLefts command: button1 remains at X=12, button2 changes 42 to 12, button3 changes 77 to 12, every Y and Size remains exact, source and project stay byte-identical, and CodeDOM separator-comment normalization is archived byte-exactly. The real product CustomEditor routes the same per-control deltas through applyAlign, changes only the two Location assignments, leaves disk untouched until save, and one native Undo/Redo unit restores and reapplies both changes on VS Code 1.84.0 and 1.134.0.	MEASURED_SUFFICIENT	NONE
2.0.0-phase0.2	V2-FND-001-S030	LAY-02	layout	Make same size width keeps heights	A	modern	arm64	CommandPlanner	LaneA_MinimalSource	Three controls are selected with different sizes	Invoke Make Same Width	Widths match primary width and heights remain unchanged	NONE	reference_trace_status;reference_trace_state;reference_trace_id;reference_trace_source;repo_execution_status;repo_automation_status;repo_evidence_refs;test_kinds;architecture_legs;external_gates;claim_boundary;scenario_manifest;runtime_architecture;authority_lane;persistence_lane;input_artifacts;action_log;expected_result;refusal_result;source_diff;resource_diff;undo_redo;roundtrip;diagnostics;performance_budget;accessibility_notes;security_notes;repo_evidence_state;repo_evidence_reason	PASS	ARCHIVED	VS18.7.11911.148-20260821T163055Z-S030	docs/v2/reference-traces/VS18.7.11911.148-20260821T163055Z/V2-FND-001-S030/manifest.json	PASS	AUTOMATED	MEASURED_AT_RUNTIME	extension-host;webview	catalog-arm64;physical-arm64-gated;repo-functional	ARM64_HARDWARE	REPO_AUTOMATED	Actual Visual Studio Enterprise 2026 18.7 executes Format.MakeSameWidth and changes only button2/button3 widths to the primary 120 while preserving every height and Location; the real product CustomEditor routes the same two size edits through one applyResize transaction, leaves disk untouched before save, and one native Undo/Redo unit restores/reapplies both on VS Code 1.84.0 and 1.134.0; physical ARM64 remains external	MEASURED_SUFFICIENT	NONE
2.0.0-phase0.2	V2-FND-001-S031	LAY-02	layout	Center horizontally in parent respects parent client area	A	net48	x64	CommandPlanner	LaneA_MinimalSource	Button is inside Panel with padding	Invoke Center Horizontally	Location centers within Panel client area using reference rounding	NONE	reference_trace_status;reference_trace_state;reference_trace_id;reference_trace_source;repo_execution_status;repo_automation_status;repo_evidence_refs;test_kinds;architecture_legs;external_gates;claim_boundary;scenario_manifest;runtime_architecture;authority_lane;persistence_lane;input_artifacts;action_log;expected_result;refusal_result;source_diff;resource_diff;undo_redo;roundtrip;diagnostics;performance_budget;accessibility_notes;security_notes;repo_evidence_state;repo_evidence_reason	PASS	ARCHIVED	VS18.7.11911.148-20260822T181918Z-S031	docs/v2/reference-traces/VS18.7.11911.148-20260822T181918Z/V2-FND-001-S031/manifest.json	PASS	AUTOMATED	MEASURED_AT_RUNTIME	extension-host;webview	catalog-x64;repo-functional	NONE	REPO_AUTOMATED	Actual Visual Studio Enterprise 2026 18.7 selects button1 through the real owner-drawn Document Outline and executes native Format.CenterHorizontally: relative Location changes X=15 to X=80, UI bounds move +65, asymmetric Padding(10,0,20,0) does not shift the complete-client-area center, only the exact CodeDOM Location/trivia region changes, and source/project remain byte-identical. The corrected compiled-net48 product CustomEditor now uses the same full ClientRectangle and WinForms integer truncation, produces the exact X=80 patch, leaves disk untouched before save, and passes one native Undo/Redo unit on VS Code 1.84.0 and 1.134.0.	MEASURED_SUFFICIENT	NONE
2.0.0-phase0.2	V2-FND-001-S032	LAY-02	layout	Refuse spacing command across different parents	A	cross-runtime	cross-arch	CommandPlanner	NoMutation	Selected controls belong to Form and nested Panel	Invoke Horizontal Spacing Equal	No source changes and diagnostic reports mixed parent selection	designer.status.spacingSameParent	reference_trace_status;reference_trace_state;reference_trace_id;reference_trace_source;repo_execution_status;repo_automation_status;repo_evidence_refs;test_kinds;architecture_legs;external_gates;claim_boundary;scenario_manifest;runtime_architecture;authority_lane;persistence_lane;input_artifacts;action_log;expected_result;refusal_result;source_diff;resource_diff;undo_redo;roundtrip;diagnostics;performance_budget;accessibility_notes;security_notes;repo_evidence_state;repo_evidence_reason	NOT_EXECUTED	NOT_CAPTURED	UNSET	VisualStudioWinFormsDesigner	PASS	AUTOMATED	MEASURED_AT_RUNTIME	webview;e2e	catalog-cross-arch;repo-functional	VISUAL_STUDIO_REFERENCE_TRACE	REPO_AUTOMATED	Repo webview evidence covers deterministic spacing command and mixed-parent refusal; Visual Studio reference trace remains external	MEASURED_SUFFICIENT	NONE
2.0.0-phase0.2	V2-FND-001-S033	LAY-03	layout	TableLayoutPanel cell move updates row column	A	modern	x64	CommandPlanner	LaneA_MinimalSource	TableLayoutPanel has 2 by 2 cells and Button in 0,0	Drag Button to cell 1,1	Controls collection and row column assignments match reference	NONE	reference_trace_status;reference_trace_state;reference_trace_id;reference_trace_source;repo_execution_status;repo_automation_status;repo_evidence_refs;test_kinds;architecture_legs;external_gates;claim_boundary;scenario_manifest;runtime_architecture;authority_lane;persistence_lane;input_artifacts;action_log;expected_result;refusal_result;source_diff;resource_diff;undo_redo;roundtrip;diagnostics;performance_budget;accessibility_notes;security_notes;repo_evidence_state;repo_evidence_reason	NOT_EXECUTED	NOT_CAPTURED	UNSET	VisualStudioWinFormsDesigner	PASS	AUTOMATED	MEASURED_AT_RUNTIME	unit;e2e;webview;extension-host	catalog-x64;repo-functional	VISUAL_STUDIO_REFERENCE_TRACE	REPO_AUTOMATED	Real modern CustomEditor canvas drag uses the engine-published 2x2 cell geometry, commits Button 0,0 to 1,1 as one bounded source transaction, renders it in the lower-right cell, keeps both disk files byte-identical before Save, and forms one native Undo/Redo unit on VS Code 1.84.0 and 1.134.0; actual Visual Studio reference trace remains external	MEASURED_SUFFICIENT	NONE
2.0.0-phase0.2	V2-FND-001-S034	LAY-03	layout	FlowLayoutPanel reorder uses child order not coordinates	A	modern	x64	CommandPlanner	LaneA_MinimalSource	FlowLayoutPanel contains three Buttons	Drag third Button before first	Controls.Add order changes and visual order matches reference	NONE	reference_trace_status;reference_trace_state;reference_trace_id;reference_trace_source;repo_execution_status;repo_automation_status;repo_evidence_refs;test_kinds;architecture_legs;external_gates;claim_boundary;scenario_manifest;runtime_architecture;authority_lane;persistence_lane;input_artifacts;action_log;expected_result;refusal_result;source_diff;resource_diff;undo_redo;roundtrip;diagnostics;performance_budget;accessibility_notes;security_notes;repo_evidence_state;repo_evidence_reason	NOT_EXECUTED	NOT_CAPTURED	UNSET	VisualStudioWinFormsDesigner	PASS	AUTOMATED	MEASURED_AT_RUNTIME	unit;e2e;webview;extension-host	catalog-x64;repo-functional	VISUAL_STUDIO_REFERENCE_TRACE	REPO_AUTOMATED	Real modern CustomEditor canvas drag uses live FlowDirection and child geometry to move C before A, commits exact Controls.Add order C,A,B without synthesizing Location, renders C before A, keeps both disk files byte-identical before Save, and forms one native Undo/Redo unit on VS Code 1.84.0 and 1.134.0; actual Visual Studio reference trace remains external	MEASURED_SUFFICIENT	NONE
2.0.0-phase0.2	V2-FND-001-S035	LAY-03	layout	TabControl drag into TabPage sets page ownership	A	net48	x64	CommandPlanner	LaneA_MinimalSource	TabControl has two TabPages and external TextBox	Drag TextBox onto second TabPage	TextBox is added to selected TabPage with converted Location	NONE	reference_trace_status;reference_trace_state;reference_trace_id;reference_trace_source;repo_execution_status;repo_automation_status;repo_evidence_refs;test_kinds;architecture_legs;external_gates;claim_boundary;scenario_manifest;runtime_architecture;authority_lane;persistence_lane;input_artifacts;action_log;expected_result;refusal_result;source_diff;resource_diff;undo_redo;roundtrip;diagnostics;performance_budget;accessibility_notes;security_notes;repo_evidence_state;repo_evidence_reason	NOT_EXECUTED	NOT_CAPTURED	UNSET	VisualStudioWinFormsDesigner	PASS	AUTOMATED	MEASURED_AT_RUNTIME	extension-host;unit;e2e	catalog-x64;repo-functional	VISUAL_STUDIO_REFERENCE_TRACE	REPO_AUTOMATED	A real compiled-net48 CustomEditor starts with the external TextBox at Form-client (300,80) and TabPage2 selected, reparents through the same engine-authorized ingress as outline/canvas drop, emits exactly one TabPage2 Controls.Add owner plus the live page-client Location (276,38), leaves both files unchanged on disk, and restores/reapplies membership plus geometry with one native Undo/Redo unit on VS Code 1.84.0 and 1.134.0. Visual Studio reference execution remains external.	MEASURED_SUFFICIENT	NONE
2.0.0-phase0.2	V2-FND-001-S036	LAY-03	safety	Refuse SplitContainer move into nonexistent panel	A	cross-runtime	cross-arch	CommandPlanner	NoMutation	SplitContainer designer tree is stale and Panel2 identity is missing	Drop control over stale Panel2 target	Mutation refuses with missing target diagnostic	MISSING_CONTAINER	reference_trace_status;reference_trace_state;reference_trace_id;reference_trace_source;repo_execution_status;repo_automation_status;repo_evidence_refs;test_kinds;architecture_legs;external_gates;claim_boundary;scenario_manifest;runtime_architecture;authority_lane;persistence_lane;input_artifacts;action_log;expected_result;refusal_result;source_diff;resource_diff;undo_redo;roundtrip;diagnostics;performance_budget;accessibility_notes;security_notes;repo_evidence_state;repo_evidence_reason	NOT_EXECUTED	NOT_CAPTURED	UNSET	VisualStudioWinFormsDesigner	PASS	AUTOMATED	MEASURED_AT_RUNTIME	extension-host;unit;e2e	catalog-cross-arch;repo-functional	VISUAL_STUDIO_REFERENCE_TRACE	REPO_AUTOMATED	Real modern and compiled-net48 CustomEditors first rename splitContainer1 through the product, making the formerly published splitContainer1.Panel2 identity stale, then route button1 through the real reparent ingress. Both VS Code 1.84.0 and 1.134.0 runs refuse without source or disk mutation and add no history entry, proven because one native Undo removes the setup rename and restores the exact clean baseline. Actual Visual Studio reference execution remains external.	MEASURED_SUFFICIENT	NONE
2.0.0-phase0.2	V2-FND-001-S037	PRP-01	property	Property grid shows categorized default and bold values	A	modern	x64	ReadOnlyInspector	ReadOnly	Button has non-default Text and default Enabled	Open property grid categorized view	Text is bold Enabled is not bold and descriptions match reference	NONE	reference_trace_status;reference_trace_state;reference_trace_id;reference_trace_source;repo_execution_status;repo_automation_status;repo_evidence_refs;test_kinds;architecture_legs;external_gates;claim_boundary;scenario_manifest;runtime_architecture;authority_lane;persistence_lane;input_artifacts;action_log;expected_result;refusal_result;source_diff;resource_diff;undo_redo;roundtrip;diagnostics;performance_budget;accessibility_notes;security_notes;repo_evidence_state;repo_evidence_reason	PASS	ARCHIVED	VS18.7.11911.148-20260822T162725Z-S037	docs/v2/reference-traces/VS18.7.11911.148-20260822T162725Z/V2-FND-001-S037/manifest.json	PASS	AUTOMATED	MEASURED_AT_RUNTIME	webview	catalog-x64;repo-functional	NONE	REPO_AUTOMATED	Actual Visual Studio Enterprise 2026 18.7 selects referenceButton and opens the categorized Properties view: Accessibility, Appearance, and Behavior groups are visible; Text is Button reference and visually bold; default Enabled=True is not bold; the description pane says The text associated with the control.; source, Designer, and project bytes remain exact. Repository webview evidence matches categorized grouping, non-default/default visual state, ambient-noise suppression, and the description pane.	MEASURED_SUFFICIENT	NONE
2.0.0-phase0.2	V2-FND-001-S038	PRP-01	property	Multi-object property grid exposes intersection and mixed values	A	modern	arm64	ReadOnlyInspector	ReadOnly	Button and TextBox selected with different Text values	Open property grid	Mixed Text is indicated and non-intersecting properties are hidden	NONE	reference_trace_status;reference_trace_state;reference_trace_id;reference_trace_source;repo_execution_status;repo_automation_status;repo_evidence_refs;test_kinds;architecture_legs;external_gates;claim_boundary;scenario_manifest;runtime_architecture;authority_lane;persistence_lane;input_artifacts;action_log;expected_result;refusal_result;source_diff;resource_diff;undo_redo;roundtrip;diagnostics;performance_budget;accessibility_notes;security_notes;repo_evidence_state;repo_evidence_reason	PASS	ARCHIVED	VS18.7.11911.148-20260822T192402Z-S038	docs/v2/reference-traces/VS18.7.11911.148-20260822T192402Z/V2-FND-001-S038/manifest.json	PASS	AUTOMATED	MEASURED_AT_RUNTIME	unit;webview	catalog-arm64;physical-arm64-gated;repo-functional	ARM64_HARDWARE	REPO_AUTOMATED	Actual Visual Studio Enterprise 2026 18.7 selects button1 and textBox1 together: the shared Text TreeItem has an empty mixed value, common AllowDrop/Enabled/Visible/Anchor/Location/Size rows are present, Button-only DialogResult and TextBox-only Multiline/AcceptsReturn/UseSystemPasswordChar rows are absent, both controls show selection handles, and source/Designer/project bytes remain exact; screenshot SHA-256 is cd07cc383397b76c211f47f49179753d9d43f8196f4c89a5c1deedf875b9c872. Repository unit and webview evidence covers the same intersection, mixed-value, hidden-row, and all-target edit/reset contracts; physical ARM64 remains external.	MEASURED_SUFFICIENT	NONE
2.0.0-phase0.2	V2-FND-001-S039	PRP-01	property	Reset property removes explicit assignment	A	net48	x64	CommandPlanner	LaneA_MinimalSource	Button.Text is explicitly set to custom text	Invoke Reset on Text property	Designer assignment is removed or reverted exactly as reference	NONE	reference_trace_status;reference_trace_state;reference_trace_id;reference_trace_source;repo_execution_status;repo_automation_status;repo_evidence_refs;test_kinds;architecture_legs;external_gates;claim_boundary;scenario_manifest;runtime_architecture;authority_lane;persistence_lane;input_artifacts;action_log;expected_result;refusal_result;source_diff;resource_diff;undo_redo;roundtrip;diagnostics;performance_budget;accessibility_notes;security_notes;repo_evidence_state;repo_evidence_reason	PASS	ARCHIVED	VS18.7.11911.148-20260822T204633Z-S039	docs/v2/reference-traces/VS18.7.11911.148-20260822T204633Z/V2-FND-001-S039/manifest.json	PASS	AUTOMATED	MEASURED_AT_RUNTIME	unit;webview;e2e	catalog-x64;repo-functional	NONE	REPO_AUTOMATED	Actual Visual Studio Enterprise 2026 18.7 opens the net48 in-process designer, selects button1 through the visible legacy Document Outline after the rendered child absorbs the synthetic click, verifies Property Grid Text=Custom reset text, and executes the enabled OtherContextMenus.PropertyBrowser.Reset command. The exact CodeDOM patch removes only the explicit this.button1.Text assignment, preserves this qualifiers and sibling semantics, canonicalizes four separators, inserts one pre-close blank line, rewrites only the generated region to CRLF, leaves source/project byte-identical, and produces Designer SHA-256 f2cfc31bb56c15f55dab14b452b4aa7bddba2a6f33ec23d89f7e0156e5f457e7 plus screenshot SHA-256 51043f6de51a835d5e3cecb75313ef9f81d516eb72730368c0699fc12b70e1b4. Repository unit, webview, and E2E evidence covers the same Reset enablement and exact assignment removal without sibling deletion.	MEASURED_SUFFICIENT	NONE
2.0.0-phase0.2	V2-FND-001-S040	PRP-01	accessibility	Property search is keyboard reachable and non-mutating	A	cross-runtime	cross-arch	CommandPlanner	ReadOnly	Property grid is focused on selected Button	Type search text and navigate results with keyboard	Filtered rows and focus order match reference and source remains clean	NONE	reference_trace_status;reference_trace_state;reference_trace_id;reference_trace_source;repo_execution_status;repo_automation_status;repo_evidence_refs;test_kinds;architecture_legs;external_gates;claim_boundary;scenario_manifest;runtime_architecture;authority_lane;persistence_lane;input_artifacts;action_log;expected_result;refusal_result;source_diff;resource_diff;undo_redo;roundtrip;diagnostics;performance_budget;accessibility_notes;security_notes;repo_evidence_state;repo_evidence_reason	NOT_EXECUTED	NOT_CAPTURED	UNSET	VisualStudioWinFormsDesigner	PASS	AUTOMATED	MEASURED_AT_RUNTIME	webview;extension-host	catalog-cross-arch;repo-functional	VISUAL_STUDIO_REFERENCE_TRACE	REPO_AUTOMATED	The real modern CustomEditor publishes the live Button property metadata consumed by Properties; the exact flatstyle query yields only FlatStyle, then the shipped keyboard path moves focus from Search into the selected Standard closed-list editor while updating the description pane and posting no host edit. Both VS Code 1.84.0 and 1.134.0 keep the document clean, preserve source and both disk hashes, and do not add or consume history; actual Visual Studio reference execution remains external.	MEASURED_SUFFICIENT	NONE
2.0.0-phase0.2	V2-FND-001-S041	PRP-02	property	TypeConverter standard values populate dropdown	A	modern	x64	HostedIntent	NoMutation	Control property uses enum converter with standard values	Open property dropdown	Dropdown values order and display text match reference	NONE	reference_trace_status;reference_trace_state;reference_trace_id;reference_trace_source;repo_execution_status;repo_automation_status;repo_evidence_refs;test_kinds;architecture_legs;external_gates;claim_boundary;scenario_manifest;runtime_architecture;authority_lane;persistence_lane;input_artifacts;action_log;expected_result;refusal_result;source_diff;resource_diff;undo_redo;roundtrip;diagnostics;performance_budget;accessibility_notes;security_notes;repo_evidence_state;repo_evidence_reason	PASS	ARCHIVED	VS18.7.11911.148-20260822T185223Z-S041	docs/v2/reference-traces/VS18.7.11911.148-20260822T185223Z/V2-FND-001-S041/manifest.json	PASS	AUTOMATED	MEASURED_AT_RUNTIME	unit;e2e;webview;extension-host	catalog-x64;repo-functional	NONE	REPO_AUTOMATED	Actual Visual Studio Enterprise 2026 18.7 opens the native FlatStyle dropdown for a default Button: the native ControlType.List child order is exactly Flat, Popup, Standard, System, List.Current.Name and the visible selection both identify Standard, source/Designer/project bytes remain exact, and the archived screenshot SHA-256 is 1b4ebea8a2ff6df92ffd93e88b91d053ede2417fb28b92b678c6194c11e799f6. The real modern CustomEditor publishes the same exclusive closed list in the same order with Standard selected; opening/focusing it emits no edit, the Designer stays clean, source and both disk hashes stay exact, and the pre-existing native Redo remains usable on VS Code 1.84.0 and 1.134.0.	MEASURED_SUFFICIENT	NONE
2.0.0-phase0.2	V2-FND-001-S042	PRP-02	property	Expandable Padding edits only changed subproperty	A	modern	x64	CommandPlanner	LaneA_MinimalSource	Button Padding is expanded in property grid	Edit Left padding from 3 to 8	Only Padding assignment changes and other subvalues are preserved	NONE	reference_trace_status;reference_trace_state;reference_trace_id;reference_trace_source;repo_execution_status;repo_automation_status;repo_evidence_refs;test_kinds;architecture_legs;external_gates;claim_boundary;scenario_manifest;runtime_architecture;authority_lane;persistence_lane;input_artifacts;action_log;expected_result;refusal_result;source_diff;resource_diff;undo_redo;roundtrip;diagnostics;performance_budget;accessibility_notes;security_notes;repo_evidence_state;repo_evidence_reason	PASS	ARCHIVED	VS18.7.11911.148-20260822T214634Z-S042	docs/v2/reference-traces/VS18.7.11911.148-20260822T214634Z/V2-FND-001-S042/manifest.json	PASS	AUTOMATED	MEASURED_AT_RUNTIME	unit;webview;e2e	catalog-x64;repo-functional	NONE	REPO_AUTOMATED	Actual Visual Studio Enterprise 2026 18.7 opens the modern WinForms designer, selects button1, expands the owner-drawn Padding row through the PropertyGrid VK_RIGHT contract, observes Left=3, commits Left=8 through the real child Edit ValuePattern, and saves the exact modern CodeDOM result. The archived artifact changes only Padding semantics from (3,4,5,6) to (8,4,5,6), preserves Top, Right, Bottom, source, and project bytes, canonicalizes this qualifiers and separator comments exactly, and produces Designer SHA-256 7c2d864e23abfe2ee338c693eafa67f07d12a3961930fde5061704dbe3c86962 plus screenshot SHA-256 b8bf4d36d946161bc8a5afc2053686d702693b60de9c9af9b1679e16123c7983. Repository unit, webview, and E2E evidence covers the same bounded Padding subproperty edit.	MEASURED_SUFFICIENT	NONE
2.0.0-phase0.2	V2-FND-001-S043	PRP-02	recovery	Converter timeout refuses before mutation	A	net48	x64	HostedIntent	NoMutation	FakeVendor converter blocks longer than property metadata deadline	Open standard values dropdown	Dropdown refuses with timeout diagnostic and worker remains usable	CONVERTER_TIMEOUT	reference_trace_status;reference_trace_state;reference_trace_id;reference_trace_source;repo_execution_status;repo_automation_status;repo_evidence_refs;test_kinds;architecture_legs;external_gates;claim_boundary;scenario_manifest;runtime_architecture;authority_lane;persistence_lane;input_artifacts;action_log;expected_result;refusal_result;source_diff;resource_diff;undo_redo;roundtrip;diagnostics;performance_budget;accessibility_notes;security_notes;repo_evidence_state;repo_evidence_reason	NOT_EXECUTED	NOT_CAPTURED	UNSET	VisualStudioWinFormsDesigner	PASS	AUTOMATED	MEASURED_AT_RUNTIME	unit;webview	catalog-x64;repo-functional	VISUAL_STUDIO_REFERENCE_TRACE;VENDOR_ARTIFACT	REPO_AUTOMATED	Repo modern and actual net48 converter paths bound metadata probes at 200 ms surface CONVERTER_TIMEOUT without a dropdown or mutation and remain usable for the next healthy query; Visual Studio and external vendor evidence remain external	MEASURED_SUFFICIENT	NONE
2.0.0-phase0.2	V2-FND-001-S044	PRP-02	security	Converter cycle is bounded and reported	A	cross-runtime	cross-arch	HostedIntent	NoMutation	Expandable object converter returns self-referential child metadata	Expand property in grid	Expansion stops at bounded depth and no mutation occurs	NONE	reference_trace_status;reference_trace_state;reference_trace_id;reference_trace_source;repo_execution_status;repo_automation_status;repo_evidence_refs;test_kinds;architecture_legs;external_gates;claim_boundary;scenario_manifest;runtime_architecture;authority_lane;persistence_lane;input_artifacts;action_log;expected_result;refusal_result;source_diff;resource_diff;undo_redo;roundtrip;diagnostics;performance_budget;accessibility_notes;security_notes;repo_evidence_state;repo_evidence_reason	NOT_EXECUTED	NOT_CAPTURED	UNSET	VisualStudioWinFormsDesigner	PASS	AUTOMATED	MEASURED_AT_RUNTIME	unit;webview	catalog-cross-arch;repo-functional	VISUAL_STUDIO_REFERENCE_TRACE	REPO_AUTOMATED	Repo unit and webview evidence cover bounded recursive converter metadata, cycle stop, truncation disclosure, and no nested write action; Visual Studio reference trace remains external	MEASURED_SUFFICIENT	NONE
2.0.0-phase0.2	V2-FND-001-S045	PRP-03	property	Framework Color UITypeEditor applies selected color	A	modern	x64	HostedIntent	LaneA_MinimalSource	Button BackColor is Red and live metadata publishes the framework ColorEditor	Open color editor choose Blue and accept	Canonical Color.Blue assignment matches the selected value and one native undo unit is recorded	NONE	reference_trace_status;reference_trace_state;reference_trace_id;reference_trace_source;repo_execution_status;repo_automation_status;repo_evidence_refs;test_kinds;architecture_legs;external_gates;claim_boundary;scenario_manifest;runtime_architecture;authority_lane;persistence_lane;input_artifacts;action_log;expected_result;refusal_result;source_diff;resource_diff;undo_redo;roundtrip;diagnostics;performance_budget;accessibility_notes;security_notes;repo_evidence_state;repo_evidence_reason	PASS	ARCHIVED	VS18.7.11911.148-20260824T101950Z-S045	docs/v2/reference-traces/VS18.7.11911.148-20260824T101950Z/V2-FND-001-S045/manifest.json	PASS	AUTOMATED	MEASURED_AT_RUNTIME	unit;webview;extension-host	catalog-x64;repo-functional	NONE	REPO_AUTOMATED	Actual Visual Studio Enterprise 2026 18.7 x64 selects button1 through the native owner-drawn Document Outline row, opens BackColor through the real Properties Open button, selects the exact Blue entry in the native Web ColorEditor, and commits canonical Color.Blue without moving or otherwise changing the control. One native Undo restores Red and one native Redo reproduces the Blue Designer bytes exactly; source and project bytes remain exact. Real modern CustomEditor coverage passes on VS Code 1.84.0 and 1.134.0: live metadata authorization, shared UITypeEditor ingress, normal engine source planning, CustomDocument commit, canonical Color.Blue text, dirty state, exact disk preservation before Save, and one native Undo/Redo unit use the product path; 24 broker tests independently validate the applied wire result.	MEASURED_SUFFICIENT	NONE
2.0.0-phase0.2	V2-FND-001-S046	PRP-03	property	UITypeEditor cancel leaves property unchanged	A	modern	arm64	HostedIntent	NoMutation	Button BackColor is Red and live metadata publishes the framework ColorEditor	Open the color editor then dismiss it	Typed CANCELLED result leaves source resource dirty state history and disk bytes unchanged	CANCELLED	reference_trace_status;reference_trace_state;reference_trace_id;reference_trace_source;repo_execution_status;repo_automation_status;repo_evidence_refs;test_kinds;architecture_legs;external_gates;claim_boundary;scenario_manifest;runtime_architecture;authority_lane;persistence_lane;input_artifacts;action_log;expected_result;refusal_result;source_diff;resource_diff;undo_redo;roundtrip;diagnostics;performance_budget;accessibility_notes;security_notes;repo_evidence_state;repo_evidence_reason	PASS	ARCHIVED	VS18.7.11911.148-20260824T094716Z-S046	docs/v2/reference-traces/VS18.7.11911.148-20260824T094716Z/V2-FND-001-S046/manifest.json	PASS	AUTOMATED	MEASURED_AT_RUNTIME	unit;webview;extension-host	catalog-arm64;physical-arm64-gated;repo-functional	ARM64_HARDWARE	REPO_AUTOMATED	Actual Visual Studio 18.7 x64 selects button1 with explicit BackColor=Red, opens the native owner-drawn Color editor through its real Properties Open button, captures Custom/Web/System with Red selected, cancels with Escape, and returns BackColor=Red while source, Designer, and project hashes remain exact. Real modern CustomEditor coverage passes on VS Code 1.84 and Stable: live metadata authorization and the shared UITypeEditor ingress consume a typed CANCELLED result and prove exact no-mutation state plus native Undo no-op; 24 broker tests independently validate the dismissed wire result. Physical Windows ARM64 remains external.	MEASURED_SUFFICIENT	NONE
2.0.0-phase0.2	V2-FND-001-S047	PRP-03	extensibility	FakeVendor dropdown editor returns bounded intent	B	net48	x64	HostedIntent	LaneB_OwnedRegion	FakeVendor control has certified dropdown editor for ComplexValue	Open editor choose valid item and accept	Command planner receives bounded intent and commits validated patch	NONE	reference_trace_status;reference_trace_state;reference_trace_id;reference_trace_source;repo_execution_status;repo_automation_status;repo_evidence_refs;test_kinds;architecture_legs;external_gates;claim_boundary;scenario_manifest;runtime_architecture;authority_lane;persistence_lane;input_artifacts;action_log;expected_result;refusal_result;source_diff;resource_diff;undo_redo;roundtrip;diagnostics;performance_budget;accessibility_notes;security_notes;repo_evidence_state;repo_evidence_reason	NOT_EXECUTED	NOT_CAPTURED	UNSET	VisualStudioWinFormsDesigner	PASS	AUTOMATED	MEASURED_AT_RUNTIME	unit;extension-host	catalog-x64;repo-functional	VISUAL_STUDIO_REFERENCE_TRACE;VENDOR_ARTIFACT	REPO_AUTOMATED	Real compiled-net48 CustomEditor coverage passes on VS Code 1.84 and Stable: live TypeDescriptor metadata authorizes the exact in-repo MIT FakeVendor component/property/editor tuple plus assembly path SHA-256 and certification id; the actual isolated child worker returns Vendor Beta, the normal scalar transaction commits one Lane B owned-region assignment, disk stays unchanged before Save, and one native Undo/Redo/final-Undo unit is exact. This proves the repository product contract only; an actual licensed vendor artifact and Visual Studio reference execution remain external	MEASURED_SUFFICIENT	NONE
2.0.0-phase0.2	V2-FND-001-S048	PRP-03	security	Vendor editor invalid return is rejected	B	cross-runtime	cross-arch	HostedIntent	NoMutation	Vendor UITypeEditor returns object outside declared result contract	Accept editor result	Planner rejects result and records invalid editor diagnostic	INVALID_EDITOR_RESULT	reference_trace_status;reference_trace_state;reference_trace_id;reference_trace_source;repo_execution_status;repo_automation_status;repo_evidence_refs;test_kinds;architecture_legs;external_gates;claim_boundary;scenario_manifest;runtime_architecture;authority_lane;persistence_lane;input_artifacts;action_log;expected_result;refusal_result;source_diff;resource_diff;undo_redo;roundtrip;diagnostics;performance_budget;accessibility_notes;security_notes;repo_evidence_state;repo_evidence_reason	NOT_EXECUTED	NOT_CAPTURED	UNSET	VisualStudioWinFormsDesigner	PASS	AUTOMATED	MEASURED_AT_RUNTIME	unit;extension-host	catalog-cross-arch;repo-functional	VISUAL_STUDIO_REFERENCE_TRACE;VENDOR_ARTIFACT	REPO_AUTOMATED	Real modern and compiled-net48 CustomEditor coverage passes on VS Code 1.84 and Stable: the actual certified child worker returns an object outside the declared System.String contract, the shared broker emits INVALID_EDITOR_RESULT, and the product adds no source change or native-history entry while preserving dirty state and disk hashes. This proves the repository fail-closed contract only; an actual licensed vendor artifact and Visual Studio reference execution remain external	MEASURED_SUFFICIENT	NONE
2.0.0-phase0.2	V2-FND-001-S049	EVT-01	event	Double-click Button generates default Click handler	A	modern	x64	CommandPlanner	MultiArtifactTransaction	Button without Click handler is selected	Double-click Button surface	Designer and code-behind update together and cursor navigates to handler	NONE	reference_trace_status;reference_trace_state;reference_trace_id;reference_trace_source;repo_execution_status;repo_automation_status;repo_evidence_refs;test_kinds;architecture_legs;external_gates;claim_boundary;scenario_manifest;runtime_architecture;authority_lane;persistence_lane;input_artifacts;action_log;expected_result;refusal_result;source_diff;resource_diff;undo_redo;roundtrip;diagnostics;performance_budget;accessibility_notes;security_notes;repo_evidence_state;repo_evidence_reason	PASS	ARCHIVED	VS18.7.11911.148-20260822T204633Z-S049	docs/v2/reference-traces/VS18.7.11911.148-20260822T204633Z/V2-FND-001-S049/manifest.json	PASS	AUTOMATED	MEASURED_AT_RUNTIME	extension-host;unit;webview;e2e	catalog-x64;repo-functional	NONE	REPO_AUTOMATED	Actual Visual Studio Enterprise 2026 18.7 double-clicks the real designer button through its input HWND, adds exactly one button1_Click method and one Click subscription, navigates the DTE cursor inside the method, and preserves project bytes. The autonomous Save All watcher observes the exact Inconsistent Line Endings dialog, posts the explicit No choice to control id 7, and records observed=true, clickPosted=true, dismissed=true only after the dialog HWND disappears; screenshot SHA-256 is c5ca845d44ff4c369d792f174793cf2b85f84f7595a3bd3055d2dedaa32be9b4. The real product CustomEditor resolves Button.DefaultEvent, keeps both buffers unsaved until Save, navigates into the method, and one native Undo/Redo restores and reapplies both artifacts on VS Code 1.84.0 and 1.134.0; independent code edits cancel the composite Redo bridge fail-closed.	MEASURED_SUFFICIENT	NONE
2.0.0-phase0.2	V2-FND-001-S050	EVT-01	event	Events tab selects existing handler without duplicate	A	modern	arm64	CommandPlanner	LaneA_MinimalSource	Button already has Click handler named button1_Click	Choose same handler from Events tab	No duplicate method is generated and subscription remains single	NONE	reference_trace_status;reference_trace_state;reference_trace_id;reference_trace_source;repo_execution_status;repo_automation_status;repo_evidence_refs;test_kinds;architecture_legs;external_gates;claim_boundary;scenario_manifest;runtime_architecture;authority_lane;persistence_lane;input_artifacts;action_log;expected_result;refusal_result;source_diff;resource_diff;undo_redo;roundtrip;diagnostics;performance_budget;accessibility_notes;security_notes;repo_evidence_state;repo_evidence_reason	PASS	ARCHIVED	VS18.7.11911.148-20260822T234847Z-S050	docs/v2/reference-traces/VS18.7.11911.148-20260822T234847Z/V2-FND-001-S050/manifest.json	PASS	AUTOMATED	MEASURED_AT_RUNTIME	extension-host;unit;e2e	catalog-arm64;physical-arm64-gated;repo-functional	ARM64_HARDWARE	REPO_AUTOMATED	Actual Visual Studio Enterprise 2026 18.7 x64 opens the supported net10.0-windows designer, selects button1, activates the native Show Events toolbar button, observes Click=button1_Click in both the owner-drawn TreeItem and writable Edit, and commits the same handler through UIAutomation ValuePattern plus Enter. Source SHA-256 a64028cdb47a7c0d3bff88a9b48e65aef58dead35f064f7c1ee9b9d443f96ac9, Designer SHA-256 b7418110c276174eeba4e32a27dbe8f21dc83c0f75e69d102237556f472093f9, and project SHA-256 ad9b851b5893c76498edbe80e52ee2ec062f9bd5c8c9019d8f6629034eadc638 remain byte-identical; exactly one method and subscription remain, screenshot SHA-256 is 460be1745ee698c88eb105060bc408534c41cd232e1ae980906dd5dbb8472a30. The real modern CustomEditor independently proves the same no-op on VS Code 1.84.0 and 1.134.0; physical ARM64 remains external.	MEASURED_SUFFICIENT	NONE
2.0.0-phase0.2	V2-FND-001-S051	EVT-01	event	Rewire event handler checks designer and code-behind revisions	A	net48	x64	CommandPlanner	MultiArtifactTransaction	Form has selected TextChanged handler and code file fingerprint	Choose an existing signature-compatible handler in the Events tab	Designer subscription updates only if the designer revision and code-behind document version both still match	NONE	reference_trace_status;reference_trace_state;reference_trace_id;reference_trace_source;repo_execution_status;repo_automation_status;repo_evidence_refs;test_kinds;architecture_legs;external_gates;claim_boundary;scenario_manifest;runtime_architecture;authority_lane;persistence_lane;input_artifacts;action_log;expected_result;refusal_result;source_diff;resource_diff;undo_redo;roundtrip;diagnostics;performance_budget;accessibility_notes;security_notes;repo_evidence_state;repo_evidence_reason	PASS	ARCHIVED	VS18.7.11911.148-20260824T122309Z-S051	docs/v2/reference-traces/VS18.7.11911.148-20260824T122309Z/V2-FND-001-S051/manifest.json	PASS	AUTOMATED	MEASURED_AT_RUNTIME	extension-host;unit	catalog-x64;repo-functional	NONE	REPO_AUTOMATED	Actual Visual Studio Enterprise 2026 18.7 x64 opens the exact classic net48 designer, selects textBox1 through the native Document Outline, verifies TextChanged=textBox1_TextChanged in native Events, and commits the existing compatible textBox1_TextChangedAlternate through the writable UIAutomation ValuePattern cell. Visual Studio changes exactly one subscription and retains only the currently referenced empty handler: initial original+alternate becomes alternate, one native Undo becomes original, and one native Redo becomes alternate. Designer Redo is byte-identical to rewire, source Redo is whitespace-normalized identical, project bytes and the complete unrelated source/Designer skeleton stay exact; screenshot SHA-256 is 2a69e4d1a06f061a29912a93cea6eb18d3be4c731b2e690a2da814e500403904. The real compiled-net48 CustomEditor independently validates the same compatible rewire against one project-partial snapshot, refuses a deterministic stale code-behind interleave without Designer/disk mutation, and passes stable native Undo/Redo on VS Code 1.84.0 and 1.134.0.	MEASURED_SUFFICIENT	NONE
2.0.0-phase0.2	V2-FND-001-S052	EVT-01	safety	Refuse handler generation on stale code-behind	A	cross-runtime	cross-arch	CommandPlanner	NoMutation	Code-behind changes after event grid metadata was loaded	Generate new Click handler	Event generation refuses before designer or source mutation	handler method not found	reference_trace_status;reference_trace_state;reference_trace_id;reference_trace_source;repo_execution_status;repo_automation_status;repo_evidence_refs;test_kinds;architecture_legs;external_gates;claim_boundary;scenario_manifest;runtime_architecture;authority_lane;persistence_lane;input_artifacts;action_log;expected_result;refusal_result;source_diff;resource_diff;undo_redo;roundtrip;diagnostics;performance_budget;accessibility_notes;security_notes;repo_evidence_state;repo_evidence_reason	NOT_EXECUTED	NOT_CAPTURED	UNSET	VisualStudioWinFormsDesigner	PASS	AUTOMATED	MEASURED_AT_RUNTIME	extension-host;unit;e2e	catalog-cross-arch;repo-functional	VISUAL_STUDIO_REFERENCE_TRACE	REPO_AUTOMATED	A real modern SDK CustomEditor and a real compiled-net48 CustomEditor generate a new Click handler against one bounded project-partial snapshot, then a deterministic open-TextDocument edit changes code-behind before either artifact can commit. Both VS Code 1.84.0 and 1.134.0 runs preserve the independent edit, keep Designer clean, create neither stub nor subscription, and preserve both disk hashes. Actual Visual Studio reference execution remains external.	MEASURED_SUFFICIENT	NONE
2.0.0-phase0.2	V2-FND-001-S053	TLB-01	toolbox	Toolbox auto-populates framework controls	A	modern	x64	ReadOnlyInspector	ReadOnly	New WinForms SDK project targets supported modern TFM	Open toolbox search for Button	Framework Button appears with provenance and category	NONE	reference_trace_status;reference_trace_state;reference_trace_id;reference_trace_source;repo_execution_status;repo_automation_status;repo_evidence_refs;test_kinds;architecture_legs;external_gates;claim_boundary;scenario_manifest;runtime_architecture;authority_lane;persistence_lane;input_artifacts;action_log;expected_result;refusal_result;source_diff;resource_diff;undo_redo;roundtrip;diagnostics;performance_budget;accessibility_notes;security_notes;repo_evidence_state;repo_evidence_reason	PASS	ARCHIVED	VS18.7.11911.148-20260822T223724Z-S053	docs/v2/reference-traces/VS18.7.11911.148-20260822T223724Z/V2-FND-001-S053/manifest.json	PASS	AUTOMATED	MEASURED_AT_RUNTIME	unit;e2e	catalog-x64;repo-functional	NONE	REPO_AUTOMATED	Actual Visual Studio Enterprise 2026 18.7 opens the supported net10.0-windows WinForms designer, executes native View.Toolbox, exposes Search Toolbox as PART_SearchBox, accepts Button through the real ValuePattern, reports exactly two matches, and exposes the native MSAA path Toolbox > All Windows Forms > Button beside RadioButton. The archived source, Designer, and project files remain byte-identical; screenshot SHA-256 is 974c824913dddd92a0d51a3907b1c3a927bf8f0da82898d49bd630c466388e49. Repository unit and E2E evidence independently proves System.Windows.Forms.Button provenance, Common Controls categorization, and framework auto-population; the reference claim is bounded to the observed Visual Studio All Windows Forms search result.	MEASURED_SUFFICIENT	NONE
2.0.0-phase0.2	V2-FND-001-S054	TLB-01	toolbox	Choose Items adds managed custom control	B	modern	x64	ReadOnlyInspector	ReadOnly	Project references FakeVendor assembly with one public Control	Open Choose Items and check the control	Control is added to toolbox with assembly provenance and cache entry	NONE	reference_trace_status;reference_trace_state;reference_trace_id;reference_trace_source;repo_execution_status;repo_automation_status;repo_evidence_refs;test_kinds;architecture_legs;external_gates;claim_boundary;scenario_manifest;runtime_architecture;authority_lane;persistence_lane;input_artifacts;action_log;expected_result;refusal_result;source_diff;resource_diff;undo_redo;roundtrip;diagnostics;performance_budget;accessibility_notes;security_notes;repo_evidence_state;repo_evidence_reason	NOT_EXECUTED	NOT_CAPTURED	UNSET	VisualStudioWinFormsDesigner	PASS	AUTOMATED	MEASURED_AT_RUNTIME	unit	catalog-x64;repo-functional	VISUAL_STUDIO_REFERENCE_TRACE;VENDOR_ARTIFACT	REPO_AUTOMATED	Repo automated for managed Choose Items custom-control curation and assembly provenance; VS reference trace and external vendor artifact remain gated	MEASURED_SUFFICIENT	NONE
2.0.0-phase0.2	V2-FND-001-S055	TLB-01	toolbox	Favorites and suppression persist per workspace	A	net48	x64	CommandPlanner	GeneratedFilesAtomic	Toolbox contains Button Label and FakeVendor control	Mark Button favorite and suppress Label	Workspace toolbox cache reload preserves favorite and suppression with provenance	NONE	reference_trace_status;reference_trace_state;reference_trace_id;reference_trace_source;repo_execution_status;repo_automation_status;repo_evidence_refs;test_kinds;architecture_legs;external_gates;claim_boundary;scenario_manifest;runtime_architecture;authority_lane;persistence_lane;input_artifacts;action_log;expected_result;refusal_result;source_diff;resource_diff;undo_redo;roundtrip;diagnostics;performance_budget;accessibility_notes;security_notes;repo_evidence_state;repo_evidence_reason	NOT_EXECUTED	NOT_CAPTURED	UNSET	VisualStudioWinFormsDesigner	PASS	AUTOMATED	MEASURED_AT_RUNTIME	unit	catalog-x64;repo-functional	VISUAL_STUDIO_REFERENCE_TRACE;VENDOR_ARTIFACT	REPO_AUTOMATED	Repo automated for workspace toolbox favorite and suppression persistence while preserving provenance; VS reference trace and vendor artifact remain external	MEASURED_SUFFICIENT	NONE
2.0.0-phase0.2	V2-FND-001-S056	TLB-01	security	Refuse toolbox assembly outside trusted workspace	B	cross-runtime	cross-arch	ReadOnlyInspector	NoMutation	Choose Items is pointed at assembly outside workspace and hosted code is disabled	Add external custom control	Control is not loaded and diagnostic reports trust requirement	UNTRUSTED_ASSEMBLY	reference_trace_status;reference_trace_state;reference_trace_id;reference_trace_source;repo_execution_status;repo_automation_status;repo_evidence_refs;test_kinds;architecture_legs;external_gates;claim_boundary;scenario_manifest;runtime_architecture;authority_lane;persistence_lane;input_artifacts;action_log;expected_result;refusal_result;source_diff;resource_diff;undo_redo;roundtrip;diagnostics;performance_budget;accessibility_notes;security_notes;repo_evidence_state;repo_evidence_reason	NOT_EXECUTED	NOT_CAPTURED	UNSET	VisualStudioWinFormsDesigner	PASS	AUTOMATED	MEASURED_AT_RUNTIME	unit	catalog-cross-arch;repo-functional	VISUAL_STUDIO_REFERENCE_TRACE	REPO_AUTOMATED	Repo automated for trusted-workspace and allowlisted-path refusal before managed assembly scan; VS reference trace remains external	MEASURED_SUFFICIENT	NONE
2.0.0-phase0.2	V2-FND-001-S057	TLB-02	toolbox	Generate AxHost wrapper for registered 32-bit control	D	net48	x86	HostedIntent	GeneratedFilesAtomic	x86 project with signed registered ActiveX test control and approvals present	Add ActiveX control from toolbox	Wrapper source resources licenses and project entries are generated atomically	NONE	reference_trace_status;reference_trace_state;reference_trace_id;reference_trace_source;repo_execution_status;repo_automation_status;repo_evidence_refs;test_kinds;architecture_legs;external_gates;claim_boundary;scenario_manifest;runtime_architecture;authority_lane;persistence_lane;input_artifacts;action_log;expected_result;refusal_result;source_diff;resource_diff;undo_redo;roundtrip;diagnostics;performance_budget;accessibility_notes;security_notes;repo_evidence_state;repo_evidence_reason	NOT_EXECUTED	NOT_CAPTURED	UNSET	VisualStudioWinFormsDesigner	GATED	GATED	extension/src/toolboxDiscovery.test.ts:413;extension/src/toolboxDiscovery.ts:325	unit	catalog-x86;x86-com-gated	VISUAL_STUDIO_REFERENCE_TRACE;X86_COM_HOST;VENDOR_LICENSE	TIER_D_EXCLUDED	Tier D remains excluded from v2.0.0 GA; repo test proves stable no-mutation x86 ActiveX refusal, not support	MEASURED_BUT_INSUFFICIENT	REFUSAL_TEST_DOES_NOT_PROVE_X86_ACTIVEX_SUPPORT
2.0.0-phase0.2	V2-FND-001-S058	TLB-02	security	Refuse unsigned ActiveX when policy disallows unsigned	D	net48	x86	HostedIntent	NoMutation	x86 project and unsigned ActiveX test control are present	Add control from COM toolbox	No wrapper or resource is generated and policy diagnostic names unsigned control	UNSIGNED_ACTIVEX	reference_trace_status;reference_trace_state;reference_trace_id;reference_trace_source;repo_execution_status;repo_automation_status;repo_evidence_refs;test_kinds;architecture_legs;external_gates;claim_boundary;scenario_manifest;runtime_architecture;authority_lane;persistence_lane;input_artifacts;action_log;expected_result;refusal_result;source_diff;resource_diff;undo_redo;roundtrip;diagnostics;performance_budget;accessibility_notes;security_notes;repo_evidence_state;repo_evidence_reason	NOT_EXECUTED	NOT_CAPTURED	UNSET	VisualStudioWinFormsDesigner	GATED	GATED	extension/src/toolboxDiscovery.test.ts:413;extension/src/toolboxDiscovery.ts:325	unit	catalog-x86;x86-com-gated	VISUAL_STUDIO_REFERENCE_TRACE;X86_COM_HOST	TIER_D_EXCLUDED	Tier D remains excluded from v2.0.0 GA; repo test proves stable no-mutation unsigned ActiveX refusal, not support	MEASURED_BUT_INSUFFICIENT	REFUSAL_TEST_DOES_NOT_PROVE_UNSIGNED_ACTIVEX_POLICY_SUPPORT
2.0.0-phase0.2	V2-FND-001-S059	TLB-02	recovery	ActiveX generation rollback on license resource failure	D	net48	x86	HostedIntent	GeneratedFilesAtomic	AxHost wrapper source succeeds but license resource write fails	Add ActiveX control	Partial wrapper files and project mutations are rolled back	ACTIVEX_RESOURCE_WRITE_FAILED	reference_trace_status;reference_trace_state;reference_trace_id;reference_trace_source;repo_execution_status;repo_automation_status;repo_evidence_refs;test_kinds;architecture_legs;external_gates;claim_boundary;scenario_manifest;runtime_architecture;authority_lane;persistence_lane;input_artifacts;action_log;expected_result;refusal_result;source_diff;resource_diff;undo_redo;roundtrip;diagnostics;performance_budget;accessibility_notes;security_notes;repo_evidence_state;repo_evidence_reason	NOT_EXECUTED	NOT_CAPTURED	UNSET	VisualStudioWinFormsDesigner	GATED	GATED	extension/src/toolboxDiscovery.test.ts:413;extension/src/toolboxDiscovery.ts:325	unit	catalog-x86;x86-com-gated	VISUAL_STUDIO_REFERENCE_TRACE;X86_COM_HOST;VENDOR_LICENSE	TIER_D_EXCLUDED	Tier D remains excluded from v2.0.0 GA; repo test proves ActiveX rollback path is refused before any generated files exist	MEASURED_BUT_INSUFFICIENT	PREWRITE_REFUSAL_DOES_NOT_PROVE_LICENSE_FAILURE_ROLLBACK
2.0.0-phase0.2	V2-FND-001-S060	TLB-02	toolbox	Exclude COM toolbox when Tier D gate not approved	D	cross-runtime	x86	ReadOnlyInspector	NoMutation	Tier D gate is not approved and project contains registered COM controls	Open toolbox	COM category is absent or clearly excluded from v2 claim	TIER_D_NOT_APPROVED	reference_trace_status;reference_trace_state;reference_trace_id;reference_trace_source;repo_execution_status;repo_automation_status;repo_evidence_refs;test_kinds;architecture_legs;external_gates;claim_boundary;scenario_manifest;runtime_architecture;authority_lane;persistence_lane;input_artifacts;action_log;expected_result;refusal_result;source_diff;resource_diff;undo_redo;roundtrip;diagnostics;performance_budget;accessibility_notes;security_notes;repo_evidence_state;repo_evidence_reason	NOT_EXECUTED	NOT_CAPTURED	UNSET	VisualStudioWinFormsDesigner	GATED	GATED	extension/src/toolboxDiscovery.test.ts:413;extension/src/toolboxDiscovery.ts:325	unit	catalog-x86;x86-com-gated	VISUAL_STUDIO_REFERENCE_TRACE;X86_COM_HOST	TIER_D_EXCLUDED	Tier D remains excluded from v2.0.0 GA; repo test proves COM toolbox exclusion is explicit and non-mutating	MEASURED_BUT_INSUFFICIENT	EXCLUSION_TEST_DOES_NOT_PROVE_X86_COM_TOOLBOX_SUPPORT
2.0.0-phase0.2	V2-FND-001-S061	OUT-01	outline	Document Outline selection drives atomic Name rename	A	modern	x64	CommandPlanner	LaneA_MinimalSource	Form contains Button named button1 and no submitButton	Select button1 in Document Outline then set Properties (Name) to submitButton	Name assignment and all references update once with undo	NONE	reference_trace_status;reference_trace_state;reference_trace_id;reference_trace_source;repo_execution_status;repo_automation_status;repo_evidence_refs;test_kinds;architecture_legs;external_gates;claim_boundary;scenario_manifest;runtime_architecture;authority_lane;persistence_lane;input_artifacts;action_log;expected_result;refusal_result;source_diff;resource_diff;undo_redo;roundtrip;diagnostics;performance_budget;accessibility_notes;security_notes;repo_evidence_state;repo_evidence_reason	PASS	ARCHIVED	VS18.7.11911.148-20260824T085431Z-S061	docs/v2/reference-traces/VS18.7.11911.148-20260824T085431Z/V2-FND-001-S061/manifest.json	PASS	AUTOMATED	MEASURED_AT_RUNTIME	extension-host;unit	catalog-x64;repo-functional	NONE	REPO_AUTOMATED	Actual Visual Studio Enterprise 2026 18.7 selects the exact button1 | Button row in Document Outline, exposes (Name)=button1 in Properties, and commits submitButton through that native property route. It rewrites all eight component identity references plus the field and Name literal, preserves Button.Text=button1 and all six textBox1 references, one Undo restores the original semantic shape, and one Redo reproduces renamed Designer bytes exactly; source and project bytes remain exact. Physical F2 and registered File/Refactor Rename probes expose no native inline outline editor, so F2 is not claimed as a Visual Studio route. The product retains F2 as an additive shortcut into the same atomic rename transaction and both VS Code 1.84.0 and 1.134.0 runs prove selected-identity migration, exact minimal source mutation, and one native Undo/Redo unit.	MEASURED_SUFFICIENT	NONE
2.0.0-phase0.2	V2-FND-001-S062	OUT-01	outline	Component tray selects Timer and shows properties	A	modern	arm64	CommandPlanner	NoMutation	Form contains Timer component in component tray	Click Timer in outline or tray	Timer is selected and property grid shows component properties	NONE	reference_trace_status;reference_trace_state;reference_trace_id;reference_trace_source;repo_execution_status;repo_automation_status;repo_evidence_refs;test_kinds;architecture_legs;external_gates;claim_boundary;scenario_manifest;runtime_architecture;authority_lane;persistence_lane;input_artifacts;action_log;expected_result;refusal_result;source_diff;resource_diff;undo_redo;roundtrip;diagnostics;performance_budget;accessibility_notes;security_notes;repo_evidence_state;repo_evidence_reason	PASS	ARCHIVED	VS18.7.11911.148-20260824T091246Z-S062	docs/v2/reference-traces/VS18.7.11911.148-20260824T091246Z/V2-FND-001-S062/manifest.json	PASS	AUTOMATED	MEASURED_AT_RUNTIME	extension-host;unit	catalog-arm64;physical-arm64-gated;repo-functional	ARM64_HARDWARE	REPO_AUTOMATED	Actual Visual Studio 18.7 x64 selects refreshTimer by clicking its measured native ComponentTray bounds; native Properties identifies refreshTimer System.Windows.Forms.Timer, exposes (Name)=refreshTimer, Enabled=False, and Interval=1500, while source, Designer, and project bytes remain exact. A real modern CustomEditor publishes timer1 from the engine-authoritative non-visual component tray, selects it through the same session pick as the tray and outline surfaces, and publishes its live Timer Interval=250 and Enabled=false metadata to Properties without creating a visual control, source edit, dirty state, disk write, or native history entry on VS Code 1.84.0 and 1.134.0. Physical Windows ARM64 execution remains external.	MEASURED_SUFFICIENT	NONE
2.0.0-phase0.2	V2-FND-001-S063	OUT-01	outline	Outline drag reparents child between containers	A	net48	x64	CommandPlanner	LaneA_MinimalSource	Outline shows Button under Panel and target GroupBox	Drag outline node Button to GroupBox	Button parent and child order update to match reference	NONE	reference_trace_status;reference_trace_state;reference_trace_id;reference_trace_source;repo_execution_status;repo_automation_status;repo_evidence_refs;test_kinds;architecture_legs;external_gates;claim_boundary;scenario_manifest;runtime_architecture;authority_lane;persistence_lane;input_artifacts;action_log;expected_result;refusal_result;source_diff;resource_diff;undo_redo;roundtrip;diagnostics;performance_budget;accessibility_notes;security_notes;repo_evidence_state;repo_evidence_reason	NOT_EXECUTED	NOT_CAPTURED	UNSET	VisualStudioWinFormsDesigner	PASS	AUTOMATED	MEASURED_AT_RUNTIME	extension-host;unit;webview	catalog-x64;repo-functional	VISUAL_STUDIO_REFERENCE_TRACE	REPO_AUTOMATED	The real compiled-net48 CustomEditor routes button1 from panel1 to groupBox1 through the same outline reparent ingress exercised by the webview drag, replaces the old owner once, rebases live geometry to GroupBox-relative Location (10,15), leaves disk untouched, and restores/reapplies membership plus Location with one native Undo/Redo unit on VS Code 1.84.0 and 1.134.0. Actual Visual Studio reference execution remains external.	MEASURED_SUFFICIENT	NONE
2.0.0-phase0.2	V2-FND-001-S064	OUT-01	safety	Refuse outline reorder that creates containment cycle	A	cross-runtime	cross-arch	CommandPlanner	NoMutation	Outline drag attempts to move Panel under its descendant Button	Drop Panel on descendant node	Mutation refuses with cycle diagnostic and tree is unchanged	CONTAINMENT_CYCLE	reference_trace_status;reference_trace_state;reference_trace_id;reference_trace_source;repo_execution_status;repo_automation_status;repo_evidence_refs;test_kinds;architecture_legs;external_gates;claim_boundary;scenario_manifest;runtime_architecture;authority_lane;persistence_lane;input_artifacts;action_log;expected_result;refusal_result;source_diff;resource_diff;undo_redo;roundtrip;diagnostics;performance_budget;accessibility_notes;security_notes;repo_evidence_state;repo_evidence_reason	NOT_EXECUTED	NOT_CAPTURED	UNSET	VisualStudioWinFormsDesigner	PASS	AUTOMATED	MEASURED_AT_RUNTIME	extension-host;unit	catalog-cross-arch;repo-functional	VISUAL_STUDIO_REFERENCE_TRACE	REPO_AUTOMATED	A real compiled-net48 CustomEditor attempts the exact outline drop of panel1 onto its own descendant button1 through the shared product reparent ingress. The rendered-tree gate returns the user-visible containment-cycle refusal before engine mutation; Designer source, dirty state, native history, and both disk hashes remain exact on VS Code 1.84.0 and 1.134.0. The engine unit assertion retains the stable CONTAINMENT_CYCLE diagnostic; actual Visual Studio reference execution remains external.	MEASURED_SUFFICIENT	NONE
2.0.0-phase0.2	V2-FND-001-S065	MNU-01	menu	Insert Standard Items into empty MenuStrip	A	modern	x64	CommandPlanner	LaneA_MinimalSource	Form has empty MenuStrip selected	Invoke Insert Standard Items	MenuStrip receives File Edit Tools Help items matching reference order	NONE	reference_trace_status;reference_trace_state;reference_trace_id;reference_trace_source;repo_execution_status;repo_automation_status;repo_evidence_refs;test_kinds;architecture_legs;external_gates;claim_boundary;scenario_manifest;runtime_architecture;authority_lane;persistence_lane;input_artifacts;action_log;expected_result;refusal_result;source_diff;resource_diff;undo_redo;roundtrip;diagnostics;performance_budget;accessibility_notes;security_notes;repo_evidence_state;repo_evidence_reason	NOT_EXECUTED	NOT_CAPTURED	UNSET	VisualStudioWinFormsDesigner	PASS	AUTOMATED	MEASURED_AT_RUNTIME	extension-host;unit;webview	catalog-x64;repo-functional	VISUAL_STUDIO_REFERENCE_TRACE	REPO_AUTOMATED	A real modern CustomEditor opens an empty MenuStrip through the same Properties Items read/write seam as the panel, submits the panel's full Visual Studio-style File/Edit/Tools/Help skeleton with nested items and separators, and atomically mints readable field identities. VS Code 1.84.0 and 1.134.0 prove one native Undo/Redo unit, clean final undo, and no code-behind or Designer disk write before Save; the webview test proves the actual Insert Standard Items button emits that exact payload. Actual Visual Studio reference execution remains external.	MEASURED_SUFFICIENT	NONE
2.0.0-phase0.2	V2-FND-001-S066	MNU-01	menu	Drag top-level ToolStrip item reorders deterministically	A	modern	arm64	CommandPlanner	LaneA_MinimalSource	ToolStrip contains New Save Open buttons	Drag Open before New	Item order updates deterministically with one undo unit	NONE	reference_trace_status;reference_trace_state;reference_trace_id;reference_trace_source;repo_execution_status;repo_automation_status;repo_evidence_refs;test_kinds;architecture_legs;external_gates;claim_boundary;scenario_manifest;runtime_architecture;authority_lane;persistence_lane;input_artifacts;action_log;expected_result;refusal_result;source_diff;resource_diff;undo_redo;roundtrip;diagnostics;performance_budget;accessibility_notes;security_notes;repo_evidence_state;repo_evidence_reason	NOT_EXECUTED	NOT_CAPTURED	UNSET	VisualStudioWinFormsDesigner	PASS	AUTOMATED	MEASURED_AT_RUNTIME	extension-host;unit;webview	catalog-arm64;physical-arm64-gated;repo-functional	VISUAL_STUDIO_REFERENCE_TRACE;ARM64_HARDWARE	REPO_AUTOMATED	The real canvas drag ingress in a modern CustomEditor moves Open before New and Save through one atomic Items transaction, preserves unmanaged ToolTipText metadata, leaves disk untouched, and restores/reapplies the exact order with one native Undo/Redo unit on VS Code 1.84.0 and 1.134.0. The webview drag test proves the real surface emits one deterministic stripMove intent. Actual Visual Studio reference and physical Windows ARM64 execution remain external.	MEASURED_SUFFICIENT	NONE
2.0.0-phase0.2	V2-FND-001-S067	MNU-01	menu	Reparent menu item into dropdown	A	net48	x64	CommandPlanner	LaneA_MinimalSource	MenuStrip has File and Tools menus and Help item at top level	Drag Help into Tools dropdown	Help becomes child item at reference insertion index	NONE	reference_trace_status;reference_trace_state;reference_trace_id;reference_trace_source;repo_execution_status;repo_automation_status;repo_evidence_refs;test_kinds;architecture_legs;external_gates;claim_boundary;scenario_manifest;runtime_architecture;authority_lane;persistence_lane;input_artifacts;action_log;expected_result;refusal_result;source_diff;resource_diff;undo_redo;roundtrip;diagnostics;performance_budget;accessibility_notes;security_notes;repo_evidence_state;repo_evidence_reason	NOT_EXECUTED	NOT_CAPTURED	UNSET	VisualStudioWinFormsDesigner	PASS	AUTOMATED	MEASURED_AT_RUNTIME	extension-host;unit;webview	catalog-x64;repo-functional	VISUAL_STUDIO_REFERENCE_TRACE	REPO_AUTOMATED	A real compiled-net48 CustomEditor uses the same on-canvas item-move ingress to remove Help from the MenuStrip root and create Tools.DropDownItems ownership at index 0. The committed forest is re-readable, disk remains byte-identical before Save, and one native Undo/Redo unit restores and reapplies the exact graph on VS Code 1.84.0 and 1.134.0; the webview test retains the nested-item drag intent contract. Actual Visual Studio reference execution remains external.	MEASURED_SUFFICIENT	NONE
2.0.0-phase0.2	V2-FND-001-S068	MNU-01	safety	Refuse menu item drop onto non-dropdown item	A	cross-runtime	cross-arch	CommandPlanner	NoMutation	MenuStrip has Button-like ToolStripButton and source menu item	Drop menu item onto non-dropdown item	Menu forest is unchanged and diagnostic identifies ineligible parent	has no DropDownItems collection	reference_trace_status;reference_trace_state;reference_trace_id;reference_trace_source;repo_execution_status;repo_automation_status;repo_evidence_refs;test_kinds;architecture_legs;external_gates;claim_boundary;scenario_manifest;runtime_architecture;authority_lane;persistence_lane;input_artifacts;action_log;expected_result;refusal_result;source_diff;resource_diff;undo_redo;roundtrip;diagnostics;performance_budget;accessibility_notes;security_notes;repo_evidence_state;repo_evidence_reason	NOT_EXECUTED	NOT_CAPTURED	UNSET	VisualStudioWinFormsDesigner	PASS	AUTOMATED	MEASURED_AT_RUNTIME	extension-host;unit	catalog-cross-arch;physical-arm64-gated;repo-functional	VISUAL_STUDIO_REFERENCE_TRACE;ARM64_HARDWARE	REPO_AUTOMATED	Real modern and compiled-net48 CustomEditors attempt to move openButton under the non-dropdown newButton through the shared canvas ingress. Both receive the concrete user-visible refusal 'newButton has no DropDownItems collection' before source mutation; Designer text, dirty state, native history, code-behind disk, and Designer disk remain exact on VS Code 1.84.0 and 1.134.0. Actual Visual Studio reference and physical Windows ARM64 execution remain external.	MEASURED_SUFFICIENT	NONE
2.0.0-phase0.2	V2-FND-001-S069	COL-01	collection	Collection editor adds ListView column	A	modern	x64	HostedIntent	LaneB_OwnedRegion	ListView has no columns and hosted collection editor is certified	Open Columns editor add Name column	Owned collection region updates with one new column and undo removes it	NONE	reference_trace_status;reference_trace_state;reference_trace_id;reference_trace_source;repo_execution_status;repo_automation_status;repo_evidence_refs;test_kinds;architecture_legs;external_gates;claim_boundary;scenario_manifest;runtime_architecture;authority_lane;persistence_lane;input_artifacts;action_log;expected_result;refusal_result;source_diff;resource_diff;undo_redo;roundtrip;diagnostics;performance_budget;accessibility_notes;security_notes;repo_evidence_state;repo_evidence_reason	NOT_EXECUTED	NOT_CAPTURED	UNSET	VisualStudioWinFormsDesigner	PASS	AUTOMATED	MEASURED_AT_RUNTIME	extension-host;e2e;unit;webview	catalog-x64;repo-functional	VISUAL_STUDIO_REFERENCE_TRACE	REPO_AUTOMATED	The real modern CustomEditor reads the empty typed ListView.Columns collection, commits a Name column with width 180 through the product editor, mints columnHeader1, renders it, proves one native Undo/Redo unit, and leaves both source files byte-identical on disk; the Visual Studio reference trace remains external.	MEASURED_SUFFICIENT	NONE
2.0.0-phase0.2	V2-FND-001-S070	COL-01	collection	Collection editor reorders TabPages	A	modern	arm64	HostedIntent	LaneA_MinimalSource	TabControl has three TabPages	Open TabPages collection editor and move third first	TabPage order source and visual order match reference	NONE	reference_trace_status;reference_trace_state;reference_trace_id;reference_trace_source;repo_execution_status;repo_automation_status;repo_evidence_refs;test_kinds;architecture_legs;external_gates;claim_boundary;scenario_manifest;runtime_architecture;authority_lane;persistence_lane;input_artifacts;action_log;expected_result;refusal_result;source_diff;resource_diff;undo_redo;roundtrip;diagnostics;performance_budget;accessibility_notes;security_notes;repo_evidence_state;repo_evidence_reason	NOT_EXECUTED	NOT_CAPTURED	UNSET	VisualStudioWinFormsDesigner	PASS	AUTOMATED	MEASURED_AT_RUNTIME	extension-host;e2e;unit;webview	catalog-arm64;physical-arm64-gated;repo-functional	VISUAL_STUDIO_REFERENCE_TRACE;ARM64_HARDWARE	REPO_AUTOMATED	The real modern x64 CustomEditor submits the complete C,A,B TabPages permutation as one product transaction, verifies exact source readback and visible pageC, proves one native Undo/Redo unit, and leaves both source files byte-identical on disk; physical ARM64 execution and the Visual Studio reference trace remain external.	MEASURED_SUFFICIENT	NONE
2.0.0-phase0.2	V2-FND-001-S071	COL-01	collection	Vendor collection editor returns inspectable patch	B	net48	x64	HostedIntent	LaneB_OwnedRegion	FakeVendor VendorEdit exposes certified collection editor for Thresholds with [1,2]	Open the VS-style ellipsis editor and accept deterministic [3,5] result	Actual isolated editor result commits only vendorEdit1 statements as one native Undo Redo unit	NONE	reference_trace_status;reference_trace_state;reference_trace_id;reference_trace_source;repo_execution_status;repo_automation_status;repo_evidence_refs;test_kinds;architecture_legs;external_gates;claim_boundary;scenario_manifest;runtime_architecture;authority_lane;persistence_lane;input_artifacts;action_log;expected_result;refusal_result;source_diff;resource_diff;undo_redo;roundtrip;diagnostics;performance_budget;accessibility_notes;security_notes;repo_evidence_state;repo_evidence_reason	NOT_EXECUTED	NOT_CAPTURED	UNSET	VisualStudioWinFormsDesigner	PASS	AUTOMATED	MEASURED_AT_RUNTIME	unit;webview;extension-host	catalog-x64;repo-functional	VISUAL_STUDIO_REFERENCE_TRACE;VENDOR_ARTIFACT	REPO_AUTOMATED	Real modern and compiled-net48 CustomEditor coverage passes on VS Code 1.84 and Stable: live metadata authorizes the exact in-repo MIT FakeVendor component property editor assembly SHA-256 and certification tuple; the actual child worker converts [1,2] to [3,5]; the modern source adapter proposes the complete list rewrite; the component-bounded authority commits only vendorEdit1 statements through Lane B; disk stays unchanged before Save; and native Undo Redo final Undo restores exact bytes. This proves the repository product contract only; an actual licensed vendor artifact and Visual Studio reference execution remain external	MEASURED_SUFFICIENT	NONE
2.0.0-phase0.2	V2-FND-001-S072	COL-01	safety	Refuse collection editor diff outside owned region	B	cross-runtime	cross-arch	HostedIntent	NoMutation	Certified vendor collection editor returns [3,5] but its proposed source also changes root Form.Text	Accept the actual editor result and validate the complete proposal	Authority emits OWNED_REGION_VIOLATION and leaves source dirty state history resources and disk unchanged	OWNED_REGION_VIOLATION	reference_trace_status;reference_trace_state;reference_trace_id;reference_trace_source;repo_execution_status;repo_automation_status;repo_evidence_refs;test_kinds;architecture_legs;external_gates;claim_boundary;scenario_manifest;runtime_architecture;authority_lane;persistence_lane;input_artifacts;action_log;expected_result;refusal_result;source_diff;resource_diff;undo_redo;roundtrip;diagnostics;performance_budget;accessibility_notes;security_notes;repo_evidence_state;repo_evidence_reason	NOT_EXECUTED	NOT_CAPTURED	UNSET	VisualStudioWinFormsDesigner	PASS	AUTOMATED	MEASURED_AT_RUNTIME	unit;extension-host	catalog-cross-arch;repo-functional	VISUAL_STUDIO_REFERENCE_TRACE;VENDOR_ARTIFACT	REPO_AUTOMATED	Real modern and compiled-net48 CustomEditor coverage passes on VS Code 1.84 and Stable: the same certified child worker succeeds with [3,5], an Extension Host-only malicious-proposal seam changes root Form.Text before the normal product authority, the engine emits OWNED_REGION_VIOLATION, and the CustomDocument remains byte-identical and clean with no native-history or disk mutation. This proves the repository fail-closed contract on the tested x64 runtime legs only; physical ARM64 an actual licensed vendor artifact and Visual Studio reference execution remain external	MEASURED_SUFFICIENT	NONE
2.0.0-phase0.2	V2-FND-001-S073	RES-01	resource	Select project image resource for Button Image	A	modern	x64	CommandPlanner	LaneA_MinimalSource	Project Resources.resx contains strongly typed Bitmap Logo	Bind Button.Image to Properties.Resources.Logo	Designer source references project resource without copying bytes into form resx	NONE	reference_trace_status;reference_trace_state;reference_trace_id;reference_trace_source;repo_execution_status;repo_automation_status;repo_evidence_refs;test_kinds;architecture_legs;external_gates;claim_boundary;scenario_manifest;runtime_architecture;authority_lane;persistence_lane;input_artifacts;action_log;expected_result;refusal_result;source_diff;resource_diff;undo_redo;roundtrip;diagnostics;performance_budget;accessibility_notes;security_notes;repo_evidence_state;repo_evidence_reason	NOT_EXECUTED	NOT_CAPTURED	UNSET	VisualStudioWinFormsDesigner	PASS	AUTOMATED	MEASURED_AT_RUNTIME	unit;e2e;webview;extension-host	catalog-x64;repo-functional	VISUAL_STUDIO_REFERENCE_TRACE	REPO_AUTOMATED	Real modern x64 CustomEditor discovers the strongly typed DemoApp.Properties.Resources.Logo Bitmap through the shipped Properties Project action, commits exactly one canonical this.imageButton.Image assignment without creating a form resx, copying base64 bytes, emitting resources.GetObject, or rewriting either project resource authority file, and proves one native Undo/Redo unit with source disks unchanged on VS Code 1.84.0 and 1.134.0; the actual Visual Studio reference trace remains external.	MEASURED_SUFFICIENT	NONE
2.0.0-phase0.2	V2-FND-001-S074	RES-01	resource	Import local icon preserves opaque resx nodes	A	modern	arm64	CommandPlanner	MultiArtifactTransaction	Form resx contains unknown data node and Icon property is empty	Import .ico into Form Icon	Icon resource is added and unknown resx node payload and metadata are preserved	NONE	reference_trace_status;reference_trace_state;reference_trace_id;reference_trace_source;repo_execution_status;repo_automation_status;repo_evidence_refs;test_kinds;architecture_legs;external_gates;claim_boundary;scenario_manifest;runtime_architecture;authority_lane;persistence_lane;input_artifacts;action_log;expected_result;refusal_result;source_diff;resource_diff;undo_redo;roundtrip;diagnostics;performance_budget;accessibility_notes;security_notes;repo_evidence_state;repo_evidence_reason	NOT_EXECUTED	NOT_CAPTURED	UNSET	VisualStudioWinFormsDesigner	PASS	AUTOMATED	MEASURED_AT_RUNTIME	unit;extension-host	catalog-arm64;physical-arm64-gated;repo-functional	VISUAL_STUDIO_REFERENCE_TRACE;ARM64_HARDWARE	REPO_AUTOMATED	Real modern x64 CustomEditor on VS Code 1.84.0 and 1.134.0 uses the shipped Properties Icon Import transaction with only the native file chooser made deterministic, adds a typed $this.Icon resource and canonical resources.GetObject assignment, preserves the opaque node payload and xml:space metadata across safe XML formatting, leaves code-behind and Designer disk bytes unchanged before Save, and proves exact native Undo/Redo/final-Undo Designer plus resx baselines; physical ARM64 and actual Visual Studio reference execution remain external	MEASURED_SUFFICIENT	NONE
2.0.0-phase0.2	V2-FND-001-S075	RES-01	resource	ImageList add images updates resx and source atomically	A	net48	x64	CommandPlanner	MultiArtifactTransaction	Form has ImageList component and neutral resx	Add two PNG images to ImageList	ImageStream resource and designer source update together and undo restores both	NONE	reference_trace_status;reference_trace_state;reference_trace_id;reference_trace_source;repo_execution_status;repo_automation_status;repo_evidence_refs;test_kinds;architecture_legs;external_gates;claim_boundary;scenario_manifest;runtime_architecture;authority_lane;persistence_lane;input_artifacts;action_log;expected_result;refusal_result;source_diff;resource_diff;undo_redo;roundtrip;diagnostics;performance_budget;accessibility_notes;security_notes;repo_evidence_state;repo_evidence_reason	NOT_EXECUTED	NOT_CAPTURED	UNSET	VisualStudioWinFormsDesigner	PASS	AUTOMATED	MEASURED_AT_RUNTIME	unit;e2e;extension-host	catalog-x64;repo-functional	VISUAL_STUDIO_REFERENCE_TRACE	REPO_AUTOMATED	Real compiled-net48 CustomEditor on VS Code 1.84.0 and 1.134.0 selects the tray ImageList, runs the shipped two-PNG ImageList transaction with only QuickPick/OpenDialog made deterministic, serializes a validated ImageListStreamer through the bundled net48 engine, writes the canonical ImageStream and SetKeyName source plus binary resx entry, preserves the unrelated neutral resource, leaves code-behind and Designer disk bytes unchanged before Save, reconciles the live compiled instance, and proves exact native Undo/Redo/final-Undo Designer plus resx baselines; actual Visual Studio reference execution remains external	MEASURED_SUFFICIENT	NONE
2.0.0-phase0.2	V2-FND-001-S076	RES-01	security	Refuse project resource generated from unsafe expression	A	cross-runtime	cross-arch	CommandPlanner	NoMutation	Project resource candidate name contains property chain injection text	Attempt to bind Button.Image to candidate	Binding refuses before source edit and lists invalid resource symbol	INVALID_RESOURCE_SYMBOL	reference_trace_status;reference_trace_state;reference_trace_id;reference_trace_source;repo_execution_status;repo_automation_status;repo_evidence_refs;test_kinds;architecture_legs;external_gates;claim_boundary;scenario_manifest;runtime_architecture;authority_lane;persistence_lane;input_artifacts;action_log;expected_result;refusal_result;source_diff;resource_diff;undo_redo;roundtrip;diagnostics;performance_budget;accessibility_notes;security_notes;repo_evidence_state;repo_evidence_reason	NOT_EXECUTED	NOT_CAPTURED	UNSET	VisualStudioWinFormsDesigner	PASS	AUTOMATED	MEASURED_AT_RUNTIME	unit;extension-host	catalog-cross-arch;repo-functional	VISUAL_STUDIO_REFERENCE_TRACE	REPO_AUTOMATED	Real modern and compiled-net48 CustomEditors authorize the live Button.Image metadata, then reject a punctuation/property-chain resource accessor with typed INVALID_RESOURCE_SYMBOL before resource discovery, engine planning, in-memory source mutation, native history, or source/Designer/resource disk writes on VS Code 1.84.0 and 1.134.0; actual Visual Studio reference execution remains external.	MEASURED_SUFFICIENT	NONE
2.0.0-phase0.2	V2-FND-001-S077	LOC-01	localization	Localizable neutral edit writes neutral resource correctly	A	modern	x64	CommandPlanner	MultiArtifactTransaction	Form Localizable true and CurrentUICulture neutral designer view	Edit Label.Text in neutral culture	Neutral resx or source update matches reference and culture overlays are untouched	NONE	reference_trace_status;reference_trace_state;reference_trace_id;reference_trace_source;repo_execution_status;repo_automation_status;repo_evidence_refs;test_kinds;architecture_legs;external_gates;claim_boundary;scenario_manifest;runtime_architecture;authority_lane;persistence_lane;input_artifacts;action_log;expected_result;refusal_result;source_diff;resource_diff;undo_redo;roundtrip;diagnostics;performance_budget;accessibility_notes;security_notes;repo_evidence_state;repo_evidence_reason	NOT_EXECUTED	NOT_CAPTURED	UNSET	VisualStudioWinFormsDesigner	PASS	AUTOMATED	MEASURED_AT_RUNTIME	unit;e2e;extension-host	catalog-x64;repo-functional	VISUAL_STUDIO_REFERENCE_TRACE	REPO_AUTOMATED	Real modern x64 CustomEditor edits Label.Text through the shipped Properties scalar path while Language is Default, changes only the exact neutral resx value, preserves the fr-FR overlay plus code-behind and generated source byte-for-byte, keeps the source buffer clean while the visible designer tab owns one native Undo/Redo unit, and restores the exact resource baseline after final Undo on VS Code 1.84.0 and 1.134.0. Resource serialization also proves LF/CRLF and terminal-newline preservation; actual Visual Studio reference execution remains external.	MEASURED_SUFFICIENT	NONE
2.0.0-phase0.2	V2-FND-001-S078	LOC-01	localization	Culture-specific edit preserves neutral fallback	A	modern	arm64	CommandPlanner	MultiArtifactTransaction	Form has neutral and fr-FR resx files	Edit Label.Text while fr-FR culture is selected	fr-FR resource changes and neutral fallback remains byte-preserved	NONE	reference_trace_status;reference_trace_state;reference_trace_id;reference_trace_source;repo_execution_status;repo_automation_status;repo_evidence_refs;test_kinds;architecture_legs;external_gates;claim_boundary;scenario_manifest;runtime_architecture;authority_lane;persistence_lane;input_artifacts;action_log;expected_result;refusal_result;source_diff;resource_diff;undo_redo;roundtrip;diagnostics;performance_budget;accessibility_notes;security_notes;repo_evidence_state;repo_evidence_reason	NOT_EXECUTED	NOT_CAPTURED	UNSET	VisualStudioWinFormsDesigner	PASS	AUTOMATED	MEASURED_AT_RUNTIME	unit;e2e;extension-host	catalog-arm64;physical-arm64-gated;repo-functional	VISUAL_STUDIO_REFERENCE_TRACE;ARM64_HARDWARE	REPO_AUTOMATED	The product Language route accepts only a discovered fr-FR resource and selection itself writes nothing; the real modern CustomEditor then reads the fr-FR value in Properties, edits only that exact overlay value, preserves the neutral fallback plus code-behind and generated source byte-for-byte, and owns one native Undo/Redo unit with an exact final-Undo baseline on VS Code 1.84.0 and 1.134.0. Repository behavior is automated; physical ARM64 and actual Visual Studio reference execution remain external.	MEASURED_SUFFICIENT	NONE
2.0.0-phase0.2	V2-FND-001-S079	LOC-01	accessibility	RTL layout returns mirrored window-space geometry	A	net48	x64	WorkerSupervisor	ReadOnly	Form RightToLeft Yes and RightToLeftLayout true	Render the RTL form and inspect control geometry	Modern and net48 layouts mirror control window coordinates while preserving control size	NONE	reference_trace_status;reference_trace_state;reference_trace_id;reference_trace_source;repo_execution_status;repo_automation_status;repo_evidence_refs;test_kinds;architecture_legs;external_gates;claim_boundary;scenario_manifest;runtime_architecture;authority_lane;persistence_lane;input_artifacts;action_log;expected_result;refusal_result;source_diff;resource_diff;undo_redo;roundtrip;diagnostics;performance_budget;accessibility_notes;security_notes;repo_evidence_state;repo_evidence_reason	PASS	ARCHIVED	VS18.7.11911.148-20260824T131153Z-S079	docs/v2/reference-traces/VS18.7.11911.148-20260824T131153Z/V2-FND-001-S079/manifest.json	PASS	AUTOMATED	MEASURED_AT_RUNTIME	extension-host;unit	catalog-x64;repo-functional	NONE	REPO_AUTOMATED	Actual Visual Studio Enterprise 2026 18.7 x64 opens the exact classic net48 RightToLeft=Yes and RightToLeftLayout=true fixture without saving, resolves the real Form/Button/Label child HWNDs, and measures them relative to the normalized 320x160 physical client rectangle. The logical primaryButton (20,30,90x28) renders at exact mirrored client (210,30,90x28), while logical statusLabel (50,82,80x20) renders at (190,82,80x20); source, Designer, and project SHA-256 values remain byte-identical and screenshot SHA-256 is a625709b28e66336b6da1753702ba5763d5dec39caea58a41e63ed7f7c062a28. Real VS Code 1.84.0 and 1.134.0 compiled-net48 CustomEditors independently select the discovered ar-SA resource, capture the same mirror formula with Y and size unchanged, publish the Arabic Button Text, and preserve clean history plus exact source, Designer, neutral-resource, and culture-resource hashes; modern transform unit parity is retained.	MEASURED_SUFFICIENT	NONE
2.0.0-phase0.2	V2-FND-001-S080	LOC-01	safety	Refuse culture write when localized resx is stale	A	cross-runtime	cross-arch	CommandPlanner	NoMutation	fr-FR resx changes on disk after designer captured baseline	Edit localized Text property	Write refuses and diagnostic reports stale resource baseline	transaction refused before first write	reference_trace_status;reference_trace_state;reference_trace_id;reference_trace_source;repo_execution_status;repo_automation_status;repo_evidence_refs;test_kinds;architecture_legs;external_gates;claim_boundary;scenario_manifest;runtime_architecture;authority_lane;persistence_lane;input_artifacts;action_log;expected_result;refusal_result;source_diff;resource_diff;undo_redo;roundtrip;diagnostics;performance_budget;accessibility_notes;security_notes;repo_evidence_state;repo_evidence_reason	NOT_EXECUTED	NOT_CAPTURED	UNSET	VisualStudioWinFormsDesigner	PASS	AUTOMATED	MEASURED_AT_RUNTIME	unit;extension-host	catalog-cross-arch;repo-functional	VISUAL_STUDIO_REFERENCE_TRACE	REPO_AUTOMATED	A fresh real modern CustomEditor selects the discovered fr-FR Language and starts the shipped Properties Text edit. After the durable transaction captures the exact culture resource baseline but before its first write, a deterministic external writer replaces that resource. The shared cross-runtime transaction boundary refuses with the stale-baseline diagnostic, preserves the newer external bytes plus neutral fallback, code-behind, generated source, clean tab, and empty native history, and cleanup restores the fixture exactly on VS Code 1.84.0 and 1.134.0. Actual Visual Studio reference execution remains external.	MEASURED_SUFFICIENT	NONE
2.0.0-phase0.2	V2-FND-001-S081	DAT-01	data	Add BindingSource from typed DataSet	A	modern	x64	CommandPlanner	GeneratedFilesAtomic	Project contains typed DataSet CustomerDataSet with Customers table	Drag Customers data source to form	BindingSource and DataSet components are generated with reference-equivalent names	NONE	reference_trace_status;reference_trace_state;reference_trace_id;reference_trace_source;repo_execution_status;repo_automation_status;repo_evidence_refs;test_kinds;architecture_legs;external_gates;claim_boundary;scenario_manifest;runtime_architecture;authority_lane;persistence_lane;input_artifacts;action_log;expected_result;refusal_result;source_diff;resource_diff;undo_redo;roundtrip;diagnostics;performance_budget;accessibility_notes;security_notes;repo_evidence_state;repo_evidence_reason	NOT_EXECUTED	NOT_CAPTURED	UNSET	VisualStudioWinFormsDesigner	PASS	AUTOMATED	MEASURED_AT_RUNTIME	unit;e2e	catalog-x64;repo-functional	VISUAL_STUDIO_REFERENCE_TRACE	REPO_AUTOMATED	Product named-pipe path discovers a generated typed DataSet table, emits a real DataSet instance plus exact BindingSource DataMember/DataSource graph, compiles the generated project, and renders the DataSet, BindingSource, DataGridView, and navigator; Visual Studio reference trace remains external	MEASURED_SUFFICIENT	NONE
2.0.0-phase0.2	V2-FND-001-S082	DAT-01	data	Generate DataGridView with BindingNavigator	A	modern	arm64	CommandPlanner	MultiArtifactTransaction	Recognized Customer table includes Id Name Email fields	Drag table as grid with navigator	Grid columns BindingSource BindingNavigator and resource updates match reference	NONE	reference_trace_status;reference_trace_state;reference_trace_id;reference_trace_source;repo_execution_status;repo_automation_status;repo_evidence_refs;test_kinds;architecture_legs;external_gates;claim_boundary;scenario_manifest;runtime_architecture;authority_lane;persistence_lane;input_artifacts;action_log;expected_result;refusal_result;source_diff;resource_diff;undo_redo;roundtrip;diagnostics;performance_budget;accessibility_notes;security_notes;repo_evidence_state;repo_evidence_reason	NOT_EXECUTED	NOT_CAPTURED	UNSET	VisualStudioWinFormsDesigner	PASS	AUTOMATED	MEASURED_AT_RUNTIME	extension-host	catalog-arm64;physical-arm64-gated;repo-functional	VISUAL_STUDIO_REFERENCE_TRACE;ARM64_HARDWARE	REPO_AUTOMATED	A real modern x64 CustomEditor refreshes the dedicated Data Sources pane from an opaque Customer schema with Id Name Email, drives the shipped grid-with-navigator drop, renders DataGridView BindingSource BindingNavigator, keeps all project files exact before Save, and proves one native Undo/Redo/final-Undo unit on VS Code 1.84.0 and 1.134.0. Physical ARM64 and actual Visual Studio reference execution remain external	MEASURED_SUFFICIENT	NONE
2.0.0-phase0.2	V2-FND-001-S083	DAT-01	data	Edit TextBox DataBindings Text property	A	net48	x64	CommandPlanner	LaneA_MinimalSource	TextBox is selected and BindingSource has Customer.Name	Bind TextBox.Text to Customer.Name	DataBindings.Add assignment is generated exactly once	NONE	reference_trace_status;reference_trace_state;reference_trace_id;reference_trace_source;repo_execution_status;repo_automation_status;repo_evidence_refs;test_kinds;architecture_legs;external_gates;claim_boundary;scenario_manifest;runtime_architecture;authority_lane;persistence_lane;input_artifacts;action_log;expected_result;refusal_result;source_diff;resource_diff;undo_redo;roundtrip;diagnostics;performance_budget;accessibility_notes;security_notes;repo_evidence_state;repo_evidence_reason	NOT_EXECUTED	NOT_CAPTURED	UNSET	VisualStudioWinFormsDesigner	PASS	AUTOMATED	MEASURED_AT_RUNTIME	unit;e2e;webview;extension-host	catalog-x64;repo-functional	VISUAL_STUDIO_REFERENCE_TRACE	REPO_AUTOMATED	A real compiled-net48 CustomEditor opens the permanent S083 form, reads an empty TextBox binding set plus the live customerBindingSource, commits Text to Customer.Name through the exact Properties DataBindings OK seam, and generates exactly one canonical DataBindings.Add statement. Product readback matches the requested binding, disk stays byte-identical before Save, and one native Undo/Redo unit restores and reapplies the edit on VS Code 1.84.0 and 1.134.0; actual Visual Studio reference execution remains external.	MEASURED_SUFFICIENT	NONE
2.0.0-phase0.2	V2-FND-001-S084	DAT-01	safety	Refuse unsupported provider data source	A	cross-runtime	cross-arch	CommandPlanner	NoMutation	Project exposes provider metadata with no supported schema adapter	Drag provider node to form	No components are generated and unsupported provider diagnostic is shown	UNSUPPORTED_DATA_PROVIDER	reference_trace_status;reference_trace_state;reference_trace_id;reference_trace_source;repo_execution_status;repo_automation_status;repo_evidence_refs;test_kinds;architecture_legs;external_gates;claim_boundary;scenario_manifest;runtime_architecture;authority_lane;persistence_lane;input_artifacts;action_log;expected_result;refusal_result;source_diff;resource_diff;undo_redo;roundtrip;diagnostics;performance_budget;accessibility_notes;security_notes;repo_evidence_state;repo_evidence_reason	NOT_EXECUTED	NOT_CAPTURED	UNSET	VisualStudioWinFormsDesigner	PASS	AUTOMATED	MEASURED_AT_RUNTIME	unit;extension-host	catalog-cross-arch;repo-functional	VISUAL_STUDIO_REFERENCE_TRACE	REPO_AUTOMATED	Real modern and compiled-net48 CustomEditors refresh the dedicated Data Sources pane for an unsupported Context/provider, publish typed UNSUPPORTED_DATA_PROVIDER, reject generation before source, created ids, dirty state, native history, or disk mutation, and prove native Undo no-op on VS Code 1.84.0 and 1.134.0. Actual Visual Studio reference execution remains external	MEASURED_SUFFICIENT	NONE
2.0.0-phase0.2	V2-FND-001-S085	INH-01	inheritance	Derived form edits accessible inherited property	A	modern	x64	CommandPlanner	LaneA_MinimalSource	Derived form inherits base Button with protected modifier	Edit derived override of Button.Text	Only derived designer source records bounded override and base source is unchanged	NONE	reference_trace_status;reference_trace_state;reference_trace_id;reference_trace_source;repo_execution_status;repo_automation_status;repo_evidence_refs;test_kinds;architecture_legs;external_gates;claim_boundary;scenario_manifest;runtime_architecture;authority_lane;persistence_lane;input_artifacts;action_log;expected_result;refusal_result;source_diff;resource_diff;undo_redo;roundtrip;diagnostics;performance_budget;accessibility_notes;security_notes;repo_evidence_state;repo_evidence_reason	PASS	ARCHIVED	VS18.7.11911.148-20260824T134348Z-S085	docs/v2/reference-traces/VS18.7.11911.148-20260824T134348Z/V2-FND-001-S085/manifest.json	PASS	AUTOMATED	MEASURED_AT_RUNTIME	unit;extension-host;e2e	catalog-x64;repo-functional	NONE	REPO_AUTOMATED	Actual Visual Studio Enterprise 2026 18.7 x64 opens the exact net10 derived Form, resolves the visible protected inheritedButton by native AutomationId, requires Properties Text=Base inherited, and writes exactly one inheritedButton.Text = "Derived override" assignment into the derived Designer without a derived field declaration or unrelated inherited assignment. Base source, base Designer, derived code-behind, and project bytes remain exact. One native Undo removes the override and restores the original semantics after only deterministic first-touch CodeDOM this-prefix/comment-spacing canonicalization (therefore not byte-identical to the hand-authored input); one Redo reproduces the applied Designer bytes exactly, and the applied screenshot SHA-256 is 985d6f28c7e1fd798bfac6ea1737818641509a9d45ff49bd5d6d7678ea7330ae. A real modern x64 CustomEditor independently selects the protected inherited baseButton from a source-identical net10 compiled base, requires its live SHA-256 base identity token, writes only one canonical derived-source Text override, leaves base/code/Designer disks exact before Save, and proves one native Undo/Redo/final-Undo unit on VS Code 1.84.0 and 1.134.0.	MEASURED_SUFFICIENT	NONE
2.0.0-phase0.2	V2-FND-001-S086	INH-01	inheritance	Inherited locked control can be selected read-only	A	modern	arm64	ReadOnlyInspector	ReadOnly	Derived form displays inherited private Label	Select inherited Label	Label selection shows locked state and property grid is read-only	NONE	reference_trace_status;reference_trace_state;reference_trace_id;reference_trace_source;repo_execution_status;repo_automation_status;repo_evidence_refs;test_kinds;architecture_legs;external_gates;claim_boundary;scenario_manifest;runtime_architecture;authority_lane;persistence_lane;input_artifacts;action_log;expected_result;refusal_result;source_diff;resource_diff;undo_redo;roundtrip;diagnostics;performance_budget;accessibility_notes;security_notes;repo_evidence_state;repo_evidence_reason	PASS	ARCHIVED	VS18.7.11911.148-20260824T140405Z-S086	docs/v2/reference-traces/VS18.7.11911.148-20260824T140405Z/V2-FND-001-S086/manifest.json	PASS	AUTOMATED	MEASURED_AT_RUNTIME	unit;extension-host;e2e	catalog-arm64;physical-arm64-gated;repo-functional	ARM64_HARDWARE	REPO_AUTOMATED	Actual Visual Studio Enterprise 2026 18.7 x64 opens the exact net10 derived Form, exposes the private inherited Label as ControlType.Text with AutomationId privateInheritedLabel and a visible lock glyph, selects it, and shows native Properties Text=Private inherited label on a disabled row. An attempted UIAutomation ValuePattern.SetValue is rejected as not allowed on a nonenabled element; the value, base source, base Designer, derived code-behind, derived Designer, and project bytes remain exact. Screenshot SHA-256 is aff489a0a05c300b8a1f61e55cb9e83dce8d988d60a3299af26da6a2739f03f9. A real modern CustomEditor independently selects the private inherited Label, publishes inherited editable=false metadata plus a visible base-type read-only reason, exposes Text read-only with no inherited override capability, refuses the direct Properties edit, and preserves clean source, native history, and base/derived disk hashes on VS Code 1.84.0 and 1.134.0. Physical Windows ARM64 remains external.	MEASURED_SUFFICIENT	NONE
2.0.0-phase0.2	V2-FND-001-S087	INH-01	inheritance	Add new derived-only control to inherited form	A	net48	x64	CommandPlanner	LaneA_MinimalSource	Derived form inherits base Panel and has writable derived designer	Add Button to derived form surface	New control is added only to derived designer source	NONE	reference_trace_status;reference_trace_state;reference_trace_id;reference_trace_source;repo_execution_status;repo_automation_status;repo_evidence_refs;test_kinds;architecture_legs;external_gates;claim_boundary;scenario_manifest;runtime_architecture;authority_lane;persistence_lane;input_artifacts;action_log;expected_result;refusal_result;source_diff;resource_diff;undo_redo;roundtrip;diagnostics;performance_budget;accessibility_notes;security_notes;repo_evidence_state;repo_evidence_reason	PASS	ARCHIVED	VS18.7.11911.148-20260824T142933Z-S087	docs/v2/reference-traces/VS18.7.11911.148-20260824T142933Z/V2-FND-001-S087/manifest.json	PASS	AUTOMATED	MEASURED_AT_RUNTIME	unit;extension-host;e2e	catalog-x64;repo-functional	NONE	REPO_AUTOMATED	Actual Visual Studio Enterprise 2026 18.7 x64 opens the exact classic net48 derived Form over a compiled base Form, selects empty derived-root space outside the protected inherited basePanel, filters the native Toolbox to Button through Search Toolbox UI Automation, and invokes the exact All Windows Forms/Button MSAA Double-Click default action. Save creates exactly one button1 field, construction, Location, Size, TabIndex, Text, UseVisualStyleBackColor, Name, derived-root Controls.Add, and both required SetChildIndex calls, with no basePanel.Controls.Add. Base source, base Designer, derived code-behind, and project bytes remain exact. One native Undo removes every button1 shape and restores the original derived semantics after measured CodeDOM line-ending, comment-spacing, this-prefix, and blank-line canonicalization. One native Redo restores the complete operation contract; raw artifacts honestly retain the observed non-byte-exact TabIndex 1-to-0 and SetChildIndex call-order differences. A real compiled-net48 CustomEditor independently adds button1 only to the derived root through the shipped toolbox transaction and proves one native Undo/Redo/final-Undo unit on VS Code 1.84.0 and 1.134.0.	MEASURED_SUFFICIENT	NONE
2.0.0-phase0.2	V2-FND-001-S088	INH-01	safety	Refuse move of inherited private control	A	cross-runtime	cross-arch	CommandPlanner	NoMutation	Derived form contains inherited private Button from base class	Drag inherited Button	Move refuses and base designer source remains untouched	not public or protected	reference_trace_status;reference_trace_state;reference_trace_id;reference_trace_source;repo_execution_status;repo_automation_status;repo_evidence_refs;test_kinds;architecture_legs;external_gates;claim_boundary;scenario_manifest;runtime_architecture;authority_lane;persistence_lane;input_artifacts;action_log;expected_result;refusal_result;source_diff;resource_diff;undo_redo;roundtrip;diagnostics;performance_budget;accessibility_notes;security_notes;repo_evidence_state;repo_evidence_reason	PASS	ARCHIVED	VS18.7.11911.148-20260824T150121Z-S088	docs/v2/reference-traces/VS18.7.11911.148-20260824T150121Z/V2-FND-001-S088/manifest.json	PASS	AUTOMATED	MEASURED_AT_RUNTIME	unit;extension-host;e2e	catalog-cross-arch;physical-arm64-gated;repo-functional	ARM64_HARDWARE	REPO_AUTOMATED	Actual Visual Studio Enterprise 2026 18.7 x64 opens source-identical modern net10 and classic net48 derived Forms, each with a private inherited Button plus writable derivedButton. Modern exposes the inherited control as ControlType.Button with AutomationId privateInheritedButton; classic exposes exact accessible Name Private inherited and native WindowsForms10.BUTTON HWND class as ControlType.Pane, then selects it through the measured native Document Outline. Both show a native lock glyph and disabled Properties Text=Private inherited with Modifiers=Private. A bounded cursor-synchronized drag through the actual designer capture HWND leaves UI bounds and all five base/derived/project artifacts byte-identical on each leg. Modern preserves Undo False-to-False and Saved True-to-True; classic preserves its preexisting Undo True-to-True and Saved False-to-False state. DTE does not expose internal Undo stack depth, so no stronger stack-depth claim is made. Real modern and compiled-net48 CustomEditors independently classify the same move intent as INHERITED_READONLY, preserve exact clean source/disks, and prove native Undo no-op on VS Code 1.84.0 and 1.134.0. Physical Windows ARM64 remains external.	MEASURED_SUFFICIENT	NONE
2.0.0-phase0.2	V2-FND-001-S089	EXT-01	extensibility	Hosted service kernel advertises IDesignerHost only when complete	B	modern	x64	HostedIntent	ReadOnly	FakeVendor designer queries IDesignerHost in hosted worker	Open form with hosted code enabled	Service is non-null only if contract set is complete and trace records capabilities	NONE	reference_trace_status;reference_trace_state;reference_trace_id;reference_trace_source;repo_execution_status;repo_automation_status;repo_evidence_refs;test_kinds;architecture_legs;external_gates;claim_boundary;scenario_manifest;runtime_architecture;authority_lane;persistence_lane;input_artifacts;action_log;expected_result;refusal_result;source_diff;resource_diff;undo_redo;roundtrip;diagnostics;performance_budget;accessibility_notes;security_notes;repo_evidence_state;repo_evidence_reason	NOT_EXECUTED	NOT_CAPTURED	UNSET	VisualStudioWinFormsDesigner	PASS	AUTOMATED	MEASURED_AT_RUNTIME	unit;extension-host;e2e	catalog-x64;repo-functional	VISUAL_STUDIO_REFERENCE_TRACE;VENDOR_ARTIFACT	REPO_AUTOMATED	Repo automated on VS Code 1.84 and Stable: ordinary selection publishes the exact certified DesignerActionMethodItem from the workspace auto-resolved FakeVendor output, the engine STA advertises IDesignerHost only for the complete six-capability service contract, withholds it when Selection is absent, records an unsupported-service refusal, and rejects a forged certificate with exact no mutation; Visual Studio reference and external licensed-vendor execution remain not executed	MEASURED_SUFFICIENT	NONE
2.0.0-phase0.2	V2-FND-001-S090	EXT-01	extensibility	Designer transaction commit produces one undo unit	B	modern	arm64	HostedIntent	MultiArtifactTransaction	FakeVendor designer wraps property changes in DesignerTransaction	Invoke vendor verb that changes two properties	Planner commits both changes atomically and one undo unit is produced	NONE	reference_trace_status;reference_trace_state;reference_trace_id;reference_trace_source;repo_execution_status;repo_automation_status;repo_evidence_refs;test_kinds;architecture_legs;external_gates;claim_boundary;scenario_manifest;runtime_architecture;authority_lane;persistence_lane;input_artifacts;action_log;expected_result;refusal_result;source_diff;resource_diff;undo_redo;roundtrip;diagnostics;performance_budget;accessibility_notes;security_notes;repo_evidence_state;repo_evidence_reason	NOT_EXECUTED	NOT_CAPTURED	UNSET	VisualStudioWinFormsDesigner	PASS	AUTOMATED	MEASURED_AT_RUNTIME	unit;extension-host;e2e	catalog-arm64;physical-arm64-gated;repo-functional	VISUAL_STUDIO_REFERENCE_TRACE;ARM64_HARDWARE;VENDOR_ARTIFACT	REPO_AUTOMATED	Repo automated on VS Code 1.84 and Stable: the visible certified smart-tag command invokes the exact vendor method in a disposable hosted graph, proves one opened and committed DesignerTransaction with four balanced change events, independently source-plans exact Text and Size proposals, commits both in one native CustomDocument Undo/Redo unit, and keeps source/project/assembly files byte-exact until Save; physical ARM64, Visual Studio reference, and external licensed-vendor legs remain gated or not executed	MEASURED_SUFFICIENT	NONE
2.0.0-phase0.2	V2-FND-001-S091	EXT-01	recovery	Service reentrancy is cancelled without partial mutation	B	net48	x64	HostedIntent	NoMutation	Vendor designer triggers nested transaction during cancellation	Cancel outer operation	No partial patch is committed and reentrancy diagnostic is recorded	REENTRANT_CANCELLED	reference_trace_status;reference_trace_state;reference_trace_id;reference_trace_source;repo_execution_status;repo_automation_status;repo_evidence_refs;test_kinds;architecture_legs;external_gates;claim_boundary;scenario_manifest;runtime_architecture;authority_lane;persistence_lane;input_artifacts;action_log;expected_result;refusal_result;source_diff;resource_diff;undo_redo;roundtrip;diagnostics;performance_budget;accessibility_notes;security_notes;repo_evidence_state;repo_evidence_reason	NOT_EXECUTED	NOT_CAPTURED	UNSET	VisualStudioWinFormsDesigner	PASS	AUTOMATED	MEASURED_AT_RUNTIME	unit;webview;extension-host;e2e	catalog-x64;repo-functional	VISUAL_STUDIO_REFERENCE_TRACE;VENDOR_ARTIFACT	REPO_AUTOMATED	Repo automated on VS Code 1.84 and Stable: the real compiled-net48 CustomEditor publishes the exact certified cancellation command, its disposable private-desktop STA worker refuses the nested DesignerTransaction, restores the transient component value, cancels the outer transaction with exact REENTRANT_CANCELLED and four balanced change events, returns no source proposal, and leaves source revision native Undo dirty state and source project assembly disk hashes unchanged; Visual Studio reference and external licensed-vendor execution remain not executed	MEASURED_SUFFICIENT	NONE
2.0.0-phase0.2	V2-FND-001-S092	EXT-01	security	Unavailable incomplete service returns explicit refusal	B	cross-runtime	cross-arch	HostedIntent	NoMutation	Vendor designer requests unsupported service from kernel	Open designer or invoke verb	Service is unavailable and operation refuses with capability reason	Unsupported	reference_trace_status;reference_trace_state;reference_trace_id;reference_trace_source;repo_execution_status;repo_automation_status;repo_evidence_refs;test_kinds;architecture_legs;external_gates;claim_boundary;scenario_manifest;runtime_architecture;authority_lane;persistence_lane;input_artifacts;action_log;expected_result;refusal_result;source_diff;resource_diff;undo_redo;roundtrip;diagnostics;performance_budget;accessibility_notes;security_notes;repo_evidence_state;repo_evidence_reason	NOT_EXECUTED	NOT_CAPTURED	UNSET	VisualStudioWinFormsDesigner	PASS	AUTOMATED	MEASURED_AT_RUNTIME	unit;extension-host;e2e	catalog-cross-arch;physical-arm64-gated;repo-functional	VISUAL_STUDIO_REFERENCE_TRACE;ARM64_HARDWARE;VENDOR_ARTIFACT	REPO_AUTOMATED	Repo automated on VS Code 1.84 and Stable: one compile-linked service registry is exercised by both modern and net48 engines, advertises IDesignerHost only when all six capabilities are complete, withholds the incomplete host, returns null for IDesignerSerializationService, and records an explicit service-type refusal before any mutation; physical ARM64, Visual Studio reference, and external licensed-vendor execution remain gated or not executed	MEASURED_SUFFICIENT	NONE
2.0.0-phase0.2	V2-FND-001-S093	EXT-02	extensibility	ControlDesigner adorners render and hit test	B	modern	x64	HostedIntent	ReadOnly	In-repo MIT FakeVendor FancyButton publishes a bounded control-local adorner through its live ControlDesigner	Open the real modern CustomEditor select FancyButton and hover the Caption adorner	The adorner renders on canvas and becomes active only after a fresh engine graph confirms the local hit with no source dirty history or disk mutation	NONE	reference_trace_status;reference_trace_state;reference_trace_id;reference_trace_source;repo_execution_status;repo_automation_status;repo_evidence_refs;test_kinds;architecture_legs;external_gates;claim_boundary;scenario_manifest;runtime_architecture;authority_lane;persistence_lane;input_artifacts;action_log;expected_result;refusal_result;source_diff;resource_diff;undo_redo;roundtrip;diagnostics;performance_budget;accessibility_notes;security_notes;repo_evidence_state;repo_evidence_reason	NOT_EXECUTED	NOT_CAPTURED	UNSET	VisualStudioWinFormsDesigner	PASS	AUTOMATED	MEASURED_AT_RUNTIME	unit;webview;extension-host	catalog-x64;repo-functional	VISUAL_STUDIO_REFERENCE_TRACE;VENDOR_ARTIFACT	REPO_AUTOMATED	Real modern CustomEditor coverage passes on VS Code 1.84 and Stable: the in-repo MIT fixture publishes one bounded ControlDesigner descriptor the canvas renders only for the selected control and the normal host route accepts the hover only after a fresh engine graph and the live designer callback confirm the exact local point; source buffer dirty state native history and both disk artifacts remain unchanged; actual licensed-vendor certification and Visual Studio reference execution remain external	MEASURED_SUFFICIENT	NONE
2.0.0-phase0.2	V2-FND-001-S094	EXT-02	extensibility	DesignerActionList smart tag updates property	B	modern	arm64	HostedIntent	LaneA_MinimalSource	In-repo MIT FakeVendor FancyButton publishes a live ComponentDesigner ActionLists Caption row mapped to Text	Invoke the on-canvas Caption smart-tag row and enter Hosted caption	Command authority writes one canonical Text assignment as one native Undo Redo unit without touching disk before Save	NONE	reference_trace_status;reference_trace_state;reference_trace_id;reference_trace_source;repo_execution_status;repo_automation_status;repo_evidence_refs;test_kinds;architecture_legs;external_gates;claim_boundary;scenario_manifest;runtime_architecture;authority_lane;persistence_lane;input_artifacts;action_log;expected_result;refusal_result;source_diff;resource_diff;undo_redo;roundtrip;diagnostics;performance_budget;accessibility_notes;security_notes;repo_evidence_state;repo_evidence_reason	NOT_EXECUTED	NOT_CAPTURED	UNSET	VisualStudioWinFormsDesigner	PASS	AUTOMATED	MEASURED_AT_RUNTIME	unit;webview;extension-host	catalog-arm64;physical-arm64-gated;repo-functional	VISUAL_STUDIO_REFERENCE_TRACE;ARM64_HARDWARE;VENDOR_ARTIFACT	REPO_AUTOMATED	Real modern CustomEditor coverage passes on VS Code 1.84 and Stable: a disposable workspace-local MIT fixture publishes the live ComponentDesigner ActionLists descriptor, the VS-style canvas smart-tag row maps Caption to Text, the normal engine source planner emits canonical source, and one native Undo Redo unit owns the unsaved edit; an actual licensed vendor artifact, physical ARM64, and Visual Studio reference execution remain external	MEASURED_SUFFICIENT	NONE
2.0.0-phase0.2	V2-FND-001-S095	EXT-02	recovery	Vendor designer crash quarantines worker	B	net48	x64	WorkerSupervisor	NoMutation	FakeVendor designer throws during Initialize	Open form with hosted code enabled	Worker crash is recorded form remains usable in generic read-only or refused state	DESIGNER_CRASH	reference_trace_status;reference_trace_state;reference_trace_id;reference_trace_source;repo_execution_status;repo_automation_status;repo_evidence_refs;test_kinds;architecture_legs;external_gates;claim_boundary;scenario_manifest;runtime_architecture;authority_lane;persistence_lane;input_artifacts;action_log;expected_result;refusal_result;source_diff;resource_diff;undo_redo;roundtrip;diagnostics;performance_budget;accessibility_notes;security_notes;repo_evidence_state;repo_evidence_reason	NOT_EXECUTED	NOT_CAPTURED	UNSET	VisualStudioWinFormsDesigner	PASS	AUTOMATED	MEASURED_AT_RUNTIME	extension-host;unit	catalog-x64;repo-functional	VISUAL_STUDIO_REFERENCE_TRACE;VENDOR_ARTIFACT	REPO_AUTOMATED	Real x64 VS Code 1.84.0 and 1.134.0 CustomEditors pass: ordinary control selection activates the exact repository-certified ComponentDesigner only in a short-lived private-desktop child; the hostile Initialize fixture causes an actual process exit, the parent records DESIGNER_CRASH and quarantines the assembly SHA plus component type, and a retry returns DESIGNER_QUARANTINED without starting another worker. The main net48 engine PID, successful generic render and editable Properties survive; an ordinary Text transaction and native Undo Redo final Undo keep every disk artifact byte-exact. This is process crash containment rather than an OS security sandbox; licensed-vendor certification and Visual Studio reference execution remain external	MEASURED_SUFFICIENT	NONE
2.0.0-phase0.2	V2-FND-001-S096	EXT-02	security	Designer cannot write workspace files directly	B	cross-runtime	cross-arch	HostedIntent	NoMutation	Vendor designer attempts direct workspace file write during verb	Invoke vendor verb	Direct write is blocked or detected and no planner patch is committed	DIRECT_WORKSPACE_WRITE	reference_trace_status;reference_trace_state;reference_trace_id;reference_trace_source;repo_execution_status;repo_automation_status;repo_evidence_refs;test_kinds;architecture_legs;external_gates;claim_boundary;scenario_manifest;runtime_architecture;authority_lane;persistence_lane;input_artifacts;action_log;expected_result;refusal_result;source_diff;resource_diff;undo_redo;roundtrip;diagnostics;performance_budget;accessibility_notes;security_notes;repo_evidence_state;repo_evidence_reason	NOT_EXECUTED	NOT_CAPTURED	UNSET	VisualStudioWinFormsDesigner	NOT_EXECUTED	NOT_AUTOMATED	tests/Engine.UnitTests/DesignerServiceKernelTests.cs:487;fixtures/FakeVendor/MaliciousWorkspaceIntentControl.cs:11;engine/DesignerServiceKernel.cs:704	unit	catalog-cross-arch	VISUAL_STUDIO_REFERENCE_TRACE;VENDOR_ARTIFACT	REPO_PARTIAL	Declared path intent is rejected before the tested setter but the in-process inspection is advisory and does not prove a workspace-write security boundary or planner containment	MEASURED_BUT_INSUFFICIENT	IN_PROCESS_TEST_DOES_NOT_PROVE_OS_WORKSPACE_WRITE_BOUNDARY
2.0.0-phase0.2	V2-FND-001-S097	EXT-03	extensibility	Adapter SDK sample control passes manifest validation	B	headless	n/a	ReadOnlyInspector	ReadOnly	Adapter SDK sample declares capabilities and protocol version	Run adapter compatibility validator	Manifest capabilities diagnostics and sample tests are machine-readable	NONE	reference_trace_status;reference_trace_state;reference_trace_id;reference_trace_source;repo_execution_status;repo_automation_status;repo_evidence_refs;test_kinds;architecture_legs;external_gates;claim_boundary;scenario_manifest;runtime_architecture;authority_lane;persistence_lane;input_artifacts;action_log;expected_result;refusal_result;source_diff;resource_diff;undo_redo;roundtrip;diagnostics;performance_budget;accessibility_notes;security_notes;repo_evidence_state;repo_evidence_reason	NOT_EXECUTED	NOT_CAPTURED	UNSET	VisualStudioWinFormsDesigner	PASS	AUTOMATED	MEASURED_AT_RUNTIME	unit;extension-host;e2e	not-applicable;repo-functional	VISUAL_STUDIO_REFERENCE_TRACE;VENDOR_ARTIFACT	REPO_AUTOMATED	Repo automated on VS Code 1.84 and Stable: product activation watches the bounded workspace manifest path, the committed SDK sample is discovered and accepted through the real registry command with N/N-1 protocol capabilities and machine-readable diagnostics, no engine or vendor worker starts, and the manifest bytes remain unchanged; Visual Studio reference execution remains not executed	MEASURED_SUFFICIENT	NONE
2.0.0-phase0.2	V2-FND-001-S098	EXT-03	extensibility	Vendor adapter declares versioned compatibility matrix	C	headless	n/a	ReadOnlyInspector	ReadOnly	Certified vendor adapter package includes version cohort manifest	Validate vendor certification manifest	Manifest lists product version runtime architecture and known unsupported features	NONE	reference_trace_status;reference_trace_state;reference_trace_id;reference_trace_source;repo_execution_status;repo_automation_status;repo_evidence_refs;test_kinds;architecture_legs;external_gates;claim_boundary;scenario_manifest;runtime_architecture;authority_lane;persistence_lane;input_artifacts;action_log;expected_result;refusal_result;source_diff;resource_diff;undo_redo;roundtrip;diagnostics;performance_budget;accessibility_notes;security_notes;repo_evidence_state;repo_evidence_reason	NOT_EXECUTED	NOT_CAPTURED	UNSET	VisualStudioWinFormsDesigner	PASS	AUTOMATED	MEASURED_AT_RUNTIME	unit;extension-host;e2e	not-applicable;repo-functional	VISUAL_STUDIO_REFERENCE_TRACE;VENDOR_ARTIFACT	REPO_AUTOMATED	Repo automated on VS Code 1.84 and Stable: the real workspace registry returns the exact adapter identity, version, declared capabilities, unsupported-feature set, and bounded 2.0.0-to-3.0.0 modern/net48 x64/arm64 compatibility cohort while treating all fields as declarations only; external vendor artifact certification and Visual Studio reference execution remain not executed	MEASURED_SUFFICIENT	NONE
2.0.0-phase0.2	V2-FND-001-S099	EXT-03	security	Refuse adapter with undeclared protocol version	C	cross-runtime	cross-arch	ReadOnlyInspector	NoMutation	Adapter package lacks supported protocol version field	Load adapter	Adapter is rejected and vendor control stays unsupported with reason	ADAPTER_PROTOCOL_UNSUPPORTED	reference_trace_status;reference_trace_state;reference_trace_id;reference_trace_source;repo_execution_status;repo_automation_status;repo_evidence_refs;test_kinds;architecture_legs;external_gates;claim_boundary;scenario_manifest;runtime_architecture;authority_lane;persistence_lane;input_artifacts;action_log;expected_result;refusal_result;source_diff;resource_diff;undo_redo;roundtrip;diagnostics;performance_budget;accessibility_notes;security_notes;repo_evidence_state;repo_evidence_reason	NOT_EXECUTED	NOT_CAPTURED	UNSET	VisualStudioWinFormsDesigner	PASS	AUTOMATED	MEASURED_AT_RUNTIME	unit;extension-host;e2e	catalog-cross-arch;physical-arm64-gated;repo-functional	VISUAL_STUDIO_REFERENCE_TRACE;ARM64_HARDWARE;VENDOR_ARTIFACT	REPO_AUTOMATED	Repo automated on VS Code 1.84 and Stable: the product watcher discovers a workspace manifest missing protocol N-1, the strict registry refuses it with one ADAPTER_PROTOCOL_UNSUPPORTED diagnostic, withholds adapter identity, starts no engine or vendor worker, grants no workspace mutation authority, and leaves the file byte-exact; physical ARM64, external vendor artifact, and Visual Studio reference execution remain gated or not executed	MEASURED_SUFFICIENT	NONE
2.0.0-phase0.2	V2-FND-001-S100	EXT-03	roundtrip	Adapter sample round-trips through Visual Studio reference	B	visual-studio-reference	x64	ExternalToolRoundTrip	MultiArtifactTransaction	Adapter sample form saved by extension is opened in Visual Studio	Open save and reopen in extension	No semantic drift or unrelated source resource diff is observed	NONE	reference_trace_status;reference_trace_state;reference_trace_id;reference_trace_source;repo_execution_status;repo_automation_status;repo_evidence_refs;test_kinds;architecture_legs;external_gates;claim_boundary;scenario_manifest;runtime_architecture;authority_lane;persistence_lane;input_artifacts;action_log;expected_result;refusal_result;source_diff;resource_diff;undo_redo;roundtrip;diagnostics;performance_budget;accessibility_notes;security_notes;repo_evidence_state;repo_evidence_reason	PASS	ARCHIVED	VS18.7.11911.148-20260822T143728Z-S100	docs/v2/reference-traces/VS18.7.11911.148-20260822T143728Z/V2-FND-001-S100/manifest.json	PASS	AUTOMATED	MEASURED_AT_RUNTIME	extension-host	catalog-x64;repo-functional	NONE	REPO_AUTOMATED	Actual Visual Studio Enterprise 2026 18.7 opens the accepted static-adapter sample after its real modern CustomEditor Text edit and Save, performs Save All, and preserves code-behind, Designer source, and the no-code-load adapter manifest byte-identically. VS Code 1.84.0 and 1.134.0 then copy those archived VS outputs into disposable projects, reopen a clean modern CustomEditor, prove exact CustomDocument/disk equality and the expected Text semantics, and retain no mutation authority for the manifest.	MEASURED_SUFFICIENT	NONE
2.0.0-phase0.2	V2-FND-001-S101	RUN-01	runtime	Select modern x64 worker for net8 Windows project	A	modern	x64	WorkerSupervisor	ReadOnly	Project targets net8.0-windows on x64 host	Open designer	Modern x64 worker is selected and capability report records runtime identity	NONE	reference_trace_status;reference_trace_state;reference_trace_id;reference_trace_source;repo_execution_status;repo_automation_status;repo_evidence_refs;test_kinds;architecture_legs;external_gates;claim_boundary;scenario_manifest;runtime_architecture;authority_lane;persistence_lane;input_artifacts;action_log;expected_result;refusal_result;source_diff;resource_diff;undo_redo;roundtrip;diagnostics;performance_budget;accessibility_notes;security_notes;repo_evidence_state;repo_evidence_reason	NOT_EXECUTED	NOT_CAPTURED	UNSET	VisualStudioWinFormsDesigner	PASS	AUTOMATED	MEASURED_AT_RUNTIME	extension-host;unit	catalog-x64;repo-functional	VISUAL_STUDIO_REFERENCE_TRACE	REPO_AUTOMATED	Real x64 VS Code 1.84.0 and 1.134.0 CustomEditors resolve the exact disposable net8.0-windows project, publish a successful modern render, and expose a running host-owned modern worker without mutation. Deterministic selection unit coverage remains; the Visual Studio reference trace remains external.	MEASURED_SUFFICIENT	NONE
2.0.0-phase0.2	V2-FND-001-S102	RUN-01	runtime	Select modern arm64 worker from arm64 package	A	modern	arm64	WorkerSupervisor	ReadOnly	Project targets supported modern Windows TFM on ARM64 host	Open designer from ARM64 package	ARM64 modern worker is selected and net48 compatibility remains x64-gated	NONE	reference_trace_status;reference_trace_state;reference_trace_id;reference_trace_source;repo_execution_status;repo_automation_status;repo_evidence_refs;test_kinds;architecture_legs;external_gates;claim_boundary;scenario_manifest;runtime_architecture;authority_lane;persistence_lane;input_artifacts;action_log;expected_result;refusal_result;source_diff;resource_diff;undo_redo;roundtrip;diagnostics;performance_budget;accessibility_notes;security_notes;repo_evidence_state;repo_evidence_reason	NOT_EXECUTED	NOT_CAPTURED	UNSET	VisualStudioWinFormsDesigner	NOT_EXECUTED	HARNESS_ONLY	extension/src/workerSelection.test.ts:14;extension/src/workerSelection.test.ts:30;extension/src/workerSelection.test.ts:40;extension/src/workerSelection.test.ts:46	unit	catalog-arm64;physical-arm64-gated	VISUAL_STUDIO_REFERENCE_TRACE;ARM64_HARDWARE	HARNESS_ONLY	HARNESS_ONLY: executable harness coverage is not scenario-bound; Repo automated for deterministic ARM64 worker selection and x64 net48 compatibility policy; physical ARM64 and VS reference trace remain gated	NOT_MEASURED	NONE
2.0.0-phase0.2	V2-FND-001-S103	RUN-01	recovery	Recycle modern worker after dependency start failure	A	modern	x64	WorkerSupervisor	NoMutation	Modern apphost is present without its required companion assembly	Open designer	Start failure is diagnosed and recycled then a fresh real worker answers ping at the next generation	NONE	reference_trace_status;reference_trace_state;reference_trace_id;reference_trace_source;repo_execution_status;repo_automation_status;repo_evidence_refs;test_kinds;architecture_legs;external_gates;claim_boundary;scenario_manifest;runtime_architecture;authority_lane;persistence_lane;input_artifacts;action_log;expected_result;refusal_result;source_diff;resource_diff;undo_redo;roundtrip;diagnostics;performance_budget;accessibility_notes;security_notes;repo_evidence_state;repo_evidence_reason	NOT_EXECUTED	NOT_CAPTURED	UNSET	VisualStudioWinFormsDesigner	PASS	AUTOMATED	MEASURED_AT_RUNTIME	unit;e2e	catalog-x64;repo-functional	VISUAL_STUDIO_REFERENCE_TRACE;VENDOR_ARTIFACT	REPO_AUTOMATED	Repo process-backed test proves an apphost dependency start failure supervisor recycle and a generation-2 real modern engine ping; native-vendor dependency and Visual Studio reference legs remain external	MEASURED_SUFFICIENT	NONE
2.0.0-phase0.2	V2-FND-001-S104	RUN-01	performance	Unload idle modern worker releases handles	A	cross-runtime	cross-arch	WorkerSupervisor	ReadOnly	Open and close designer repeatedly for modern project	Run idle recycle cycle	Handle count and process count return within frozen leak budget	NONE	reference_trace_status;reference_trace_state;reference_trace_id;reference_trace_source;repo_execution_status;repo_automation_status;repo_evidence_refs;test_kinds;architecture_legs;external_gates;claim_boundary;scenario_manifest;runtime_architecture;authority_lane;persistence_lane;input_artifacts;action_log;expected_result;refusal_result;source_diff;resource_diff;undo_redo;roundtrip;diagnostics;performance_budget;accessibility_notes;security_notes;repo_evidence_state;repo_evidence_reason	NOT_EXECUTED	NOT_CAPTURED	UNSET	VisualStudioWinFormsDesigner	PASS	AUTOMATED	MEASURED_AT_RUNTIME	extension-host;unit	catalog-cross-arch;physical-arm64-gated;repo-functional	VISUAL_STUDIO_REFERENCE_TRACE;PERFORMANCE_LAB;ARM64_HARDWARE	REPO_AUTOMATED	Real VS Code 1.84.0 and 1.134.0 product suites open modern and compiled-net48 CustomEditors through three clean close/reopen cycles. The healthy modern PID stays warm and exactly two host-owned children remain; if the last-framework-session AppDomain unload correctly takes the fail-closed whole-worker replacement path, the replaced net48 OS PID must be gone before the fresh worker is accepted. The final real last-session idle timer and bounded stop path return mapped engines and live registrations to zero, both current OS PIDs disappear, and reopen starts fresh PIDs. The product budget is 30 seconds; the test changes only that one timer delay. Physical ARM64, performance-lab handle telemetry, and Visual Studio reference execution remain external.	MEASURED_SUFFICIENT	NONE
2.0.0-phase0.2	V2-FND-001-S105	RUN-02	runtime	Select net48 x64 worker for framework project	A	net48	x64	WorkerSupervisor	ReadOnly	Classic project targets .NET Framework 4.8 on x64 host	Open designer	net48 x64 worker uses live-source authority and reports fallback policy	NONE	reference_trace_status;reference_trace_state;reference_trace_id;reference_trace_source;repo_execution_status;repo_automation_status;repo_evidence_refs;test_kinds;architecture_legs;external_gates;claim_boundary;scenario_manifest;runtime_architecture;authority_lane;persistence_lane;input_artifacts;action_log;expected_result;refusal_result;source_diff;resource_diff;undo_redo;roundtrip;diagnostics;performance_budget;accessibility_notes;security_notes;repo_evidence_state;repo_evidence_reason	NOT_EXECUTED	NOT_CAPTURED	UNSET	VisualStudioWinFormsDesigner	PASS	AUTOMATED	MEASURED_AT_RUNTIME	extension-host;unit	catalog-x64;repo-functional	VISUAL_STUDIO_REFERENCE_TRACE	REPO_AUTOMATED	Real x64 VS Code 1.84.0 and 1.134.0 CustomEditors resolve the built multi-target project with net48, select a live host-owned compiled-net48 worker, and publish the live-source interpreted authority without mutation. Deterministic selection unit coverage remains; the Visual Studio reference trace remains external.	MEASURED_SUFFICIENT	NONE
2.0.0-phase0.2	V2-FND-001-S106	RUN-02	runtime	Refuse x86 project when x86 worker is unavailable	D	net48	x86	WorkerSupervisor	NoMutation	Framework project requires x86-only dependency and x86 gate is disabled	Open designer	Designer refuses x86 path and documents Tier D exclusion	X86_WORKER_UNAVAILABLE	reference_trace_status;reference_trace_state;reference_trace_id;reference_trace_source;repo_execution_status;repo_automation_status;repo_evidence_refs;test_kinds;architecture_legs;external_gates;claim_boundary;scenario_manifest;runtime_architecture;authority_lane;persistence_lane;input_artifacts;action_log;expected_result;refusal_result;source_diff;resource_diff;undo_redo;roundtrip;diagnostics;performance_budget;accessibility_notes;security_notes;repo_evidence_state;repo_evidence_reason	NOT_EXECUTED	NOT_CAPTURED	UNSET	VisualStudioWinFormsDesigner	GATED	GATED	UNSET	none	catalog-x86;x86-com-gated	VISUAL_STUDIO_REFERENCE_TRACE;X86_COM_HOST	TIER_D_EXCLUDED	Conditional x86 refusal	EXTERNALLY_GATED	NONE
2.0.0-phase0.2	V2-FND-001-S107	RUN-02	recovery	net48 worker crash does not corrupt live source	A	net48	x64	WorkerSupervisor	NoMutation	Framework form is open and worker crashes during render	Wait for supervisor recovery	No source write occurs and replacement worker publishes fresh revision	NONE	reference_trace_status;reference_trace_state;reference_trace_id;reference_trace_source;repo_execution_status;repo_automation_status;repo_evidence_refs;test_kinds;architecture_legs;external_gates;claim_boundary;scenario_manifest;runtime_architecture;authority_lane;persistence_lane;input_artifacts;action_log;expected_result;refusal_result;source_diff;resource_diff;undo_redo;roundtrip;diagnostics;performance_budget;accessibility_notes;security_notes;repo_evidence_state;repo_evidence_reason	NOT_EXECUTED	NOT_CAPTURED	UNSET	VisualStudioWinFormsDesigner	PASS	AUTOMATED	MEASURED_AT_RUNTIME	unit;e2e	catalog-x64;repo-functional	VISUAL_STUDIO_REFERENCE_TRACE	REPO_AUTOMATED	Repo process-backed test kills a real net48 worker records the crash starts generation 2 and proves the host-side live source bytes remain unchanged; Visual Studio reference remains external	MEASURED_SUFFICIENT	NONE
2.0.0-phase0.2	V2-FND-001-S108	RUN-02	roundtrip	net48 live-source form round-trips through modern package	A	visual-studio-reference	x64	ExternalToolRoundTrip	LaneA_MinimalSource	Framework form edited by extension is opened and saved in Visual Studio	Reopen in extension and compare artifacts	No semantic drift and source-first assumptions remain valid	NONE	reference_trace_status;reference_trace_state;reference_trace_id;reference_trace_source;repo_execution_status;repo_automation_status;repo_evidence_refs;test_kinds;architecture_legs;external_gates;claim_boundary;scenario_manifest;runtime_architecture;authority_lane;persistence_lane;input_artifacts;action_log;expected_result;refusal_result;source_diff;resource_diff;undo_redo;roundtrip;diagnostics;performance_budget;accessibility_notes;security_notes;repo_evidence_state;repo_evidence_reason	PASS	ARCHIVED	VS18.7.11911.148-20260822T143728Z-S108	docs/v2/reference-traces/VS18.7.11911.148-20260822T143728Z/V2-FND-001-S108/manifest.json	PASS	AUTOMATED	MEASURED_AT_RUNTIME	extension-host	catalog-x64;repo-functional	NONE	REPO_AUTOMATED	A real compiled-net48 CustomEditor saves the live-source Button Text edit with code-behind preserved and exact CustomDocument/Designer disk equality. Actual Visual Studio Enterprise 2026 18.7 builds, opens, and Save-Alls that extension-produced form with byte-identical source artifacts. VS Code 1.84.0 and 1.134.0 then reopen the archived VS output through the net48 lane, prove the exact Text semantics, clean state, and byte-exact disk.	MEASURED_SUFFICIENT	NONE
2.0.0-phase0.2	V2-FND-001-S109	ACC-01	accessibility	All toolbar commands are keyboard reachable	A	modern	x64	CommandPlanner	NoMutation	Designer toolbar contains layout property toolbox and diagnostics commands	Navigate using keyboard only	Every command is reachable has visible focus and announces accessible name	NONE	reference_trace_status;reference_trace_state;reference_trace_id;reference_trace_source;repo_execution_status;repo_automation_status;repo_evidence_refs;test_kinds;architecture_legs;external_gates;claim_boundary;scenario_manifest;runtime_architecture;authority_lane;persistence_lane;input_artifacts;action_log;expected_result;refusal_result;source_diff;resource_diff;undo_redo;roundtrip;diagnostics;performance_budget;accessibility_notes;security_notes;repo_evidence_state;repo_evidence_reason	NOT_EXECUTED	NOT_CAPTURED	UNSET	VisualStudioWinFormsDesigner	PASS	AUTOMATED	MEASURED_AT_RUNTIME	webview	catalog-x64;repo-functional	VISUAL_STUDIO_REFERENCE_TRACE	REPO_AUTOMATED	Repo webview evidence covers toolbar role keyboard focusability and accessible names for layout and diagnostics commands; Visual Studio reference trace remains external	MEASURED_SUFFICIENT	NONE
2.0.0-phase0.2	V2-FND-001-S110	ACC-01	accessibility	Screen reader mirror tree names components and controls	A	modern	arm64	ReadOnlyInspector	ReadOnly	Form contains Button TextBox MenuStrip and Timer	Inspect accessible mirror tree	Mirror tree exposes role name state parent and bounds for each item	NONE	reference_trace_status;reference_trace_state;reference_trace_id;reference_trace_source;repo_execution_status;repo_automation_status;repo_evidence_refs;test_kinds;architecture_legs;external_gates;claim_boundary;scenario_manifest;runtime_architecture;authority_lane;persistence_lane;input_artifacts;action_log;expected_result;refusal_result;source_diff;resource_diff;undo_redo;roundtrip;diagnostics;performance_budget;accessibility_notes;security_notes;repo_evidence_state;repo_evidence_reason	PASS	ARCHIVED	VS18.7.11911.148-20260824T080449Z-S110	docs/v2/reference-traces/VS18.7.11911.148-20260824T080449Z/V2-FND-001-S110/manifest.json	PASS	AUTOMATED	MEASURED_AT_RUNTIME	webview	catalog-arm64;physical-arm64-gated;repo-functional	ARM64_HARDWARE;ACCESSIBILITY_AT	REPO_AUTOMATED	Actual Visual Studio Enterprise 2026 18.7 exposes the fixture Button as Submit button/ControlType.Button, TextBox as Customer name/ControlType.Edit, visual Main menu as ControlType.MenuBar with nested fileMenuItem/ControlType.MenuItem, and refreshTimer as a ComponentTray Pane; every record is enabled, onscreen, has non-empty bounds and exact raw-view ancestry, while source, Designer, and project bytes remain exact. Repo webview evidence covers matching ARIA tree/tray roles, names, selected state, and keyboard activation; physical ARM64 and live assistive-technology acceptance remain external.	MEASURED_SUFFICIENT	NONE
2.0.0-phase0.2	V2-FND-001-S111	ACC-01	accessibility	High contrast keeps handles and adorners visible	A	net48	x64	WorkerSupervisor	ReadOnly	Windows high contrast theme is active and control is selected	Capture designer surface	Selection handles snaplines and focus cues meet contrast criteria	NONE	reference_trace_status;reference_trace_state;reference_trace_id;reference_trace_source;repo_execution_status;repo_automation_status;repo_evidence_refs;test_kinds;architecture_legs;external_gates;claim_boundary;scenario_manifest;runtime_architecture;authority_lane;persistence_lane;input_artifacts;action_log;expected_result;refusal_result;source_diff;resource_diff;undo_redo;roundtrip;diagnostics;performance_budget;accessibility_notes;security_notes;repo_evidence_state;repo_evidence_reason	NOT_EXECUTED	NOT_CAPTURED	UNSET	VisualStudioWinFormsDesigner	PASS	AUTOMATED	MEASURED_AT_RUNTIME	webview	catalog-x64;repo-functional	VISUAL_STUDIO_REFERENCE_TRACE	REPO_AUTOMATED	Repo webview evidence covers forced-colors CSS for selection handles snaplines adorners and system color tokens; Visual Studio reference trace remains external	MEASURED_SUFFICIENT	NONE
2.0.0-phase0.2	V2-FND-001-S112	ACC-01	accessibility	Zoomed surface maintains keyboard hit targets	A	cross-runtime	cross-arch	CommandPlanner	ReadOnly	Designer zoom is set to 200 percent and nested controls are present	Navigate select and invoke context menu by keyboard	Hit targets focus bounds and menu placement match reference	NONE	reference_trace_status;reference_trace_state;reference_trace_id;reference_trace_source;repo_execution_status;repo_automation_status;repo_evidence_refs;test_kinds;architecture_legs;external_gates;claim_boundary;scenario_manifest;runtime_architecture;authority_lane;persistence_lane;input_artifacts;action_log;expected_result;refusal_result;source_diff;resource_diff;undo_redo;roundtrip;diagnostics;performance_budget;accessibility_notes;security_notes;repo_evidence_state;repo_evidence_reason	NOT_EXECUTED	NOT_CAPTURED	UNSET	VisualStudioWinFormsDesigner	PASS	AUTOMATED	MEASURED_AT_RUNTIME	webview	catalog-cross-arch;repo-functional	VISUAL_STUDIO_REFERENCE_TRACE	REPO_AUTOMATED	Repo webview evidence covers 200 percent keyboard traversal 400 percent keyboard context menu and keyboard-addressable resize handles; Visual Studio reference trace remains external	MEASURED_SUFFICIENT	NONE
2.0.0-phase0.2	V2-FND-001-S113	DIA-01	diagnostics	Capability inspector explains unsupported vendor editor	B	modern	x64	ReadOnlyInspector	ReadOnly	FakeVendor property editor is disabled by capability policy	Open capability inspector for selected property	Inspector lists operation target authority lane reason and recovery option	NONE	reference_trace_status;reference_trace_state;reference_trace_id;reference_trace_source;repo_execution_status;repo_automation_status;repo_evidence_refs;test_kinds;architecture_legs;external_gates;claim_boundary;scenario_manifest;runtime_architecture;authority_lane;persistence_lane;input_artifacts;action_log;expected_result;refusal_result;source_diff;resource_diff;undo_redo;roundtrip;diagnostics;performance_budget;accessibility_notes;security_notes;repo_evidence_state;repo_evidence_reason	NOT_EXECUTED	NOT_CAPTURED	UNSET	VisualStudioWinFormsDesigner	NOT_EXECUTED	HARNESS_ONLY	UNSET	unit	catalog-x64	VISUAL_STUDIO_REFERENCE_TRACE;VENDOR_ARTIFACT	HARNESS_ONLY	Repo automated for capability inspector explanation; VS reference trace and licensed vendor artifact remain not executed Evidence-integrity reconciliation: caller-supplied capability inspection is not product execution; no repository PASS.	NOT_MEASURED	NONE
2.0.0-phase0.2	V2-FND-001-S114	DIA-01	diagnostics	Diagnostics export redacts paths and proprietary values	A	headless	n/a	ReadOnlyInspector	ReadOnly	Open form has project paths source snippets and resource names in session	Export diagnostics bundle	Bundle includes versions capabilities events hashes and redacts source secrets and proprietary payloads	NONE	reference_trace_status;reference_trace_state;reference_trace_id;reference_trace_source;repo_execution_status;repo_automation_status;repo_evidence_refs;test_kinds;architecture_legs;external_gates;claim_boundary;scenario_manifest;runtime_architecture;authority_lane;persistence_lane;input_artifacts;action_log;expected_result;refusal_result;source_diff;resource_diff;undo_redo;roundtrip;diagnostics;performance_budget;accessibility_notes;security_notes;repo_evidence_state;repo_evidence_reason	NOT_EXECUTED	NOT_CAPTURED	UNSET	VisualStudioWinFormsDesigner	NOT_EXECUTED	HARNESS_ONLY	UNSET	unit	not-applicable	VISUAL_STUDIO_REFERENCE_TRACE;VENDOR_ARTIFACT;VENDOR_LICENSE	HARNESS_ONLY	Repo automated for diagnostics redaction including nested evidence validation; VS reference trace licensed vendor and vendor license remain not executed Evidence-integrity reconciliation: caller-supplied capability inspection is not product execution; no repository PASS.	NOT_MEASURED	NONE
2.0.0-phase0.2	V2-FND-001-S115	DIA-01	recovery	Recovery timeline records crash cancellation and retry	A	cross-runtime	cross-arch	WorkerSupervisor	ReadOnly	Worker crashes during render then user retries after quarantine clears	Open diagnostics recovery timeline	Timeline records crash id quarantine retry and final current revision	NONE	reference_trace_status;reference_trace_state;reference_trace_id;reference_trace_source;repo_execution_status;repo_automation_status;repo_evidence_refs;test_kinds;architecture_legs;external_gates;claim_boundary;scenario_manifest;runtime_architecture;authority_lane;persistence_lane;input_artifacts;action_log;expected_result;refusal_result;source_diff;resource_diff;undo_redo;roundtrip;diagnostics;performance_budget;accessibility_notes;security_notes;repo_evidence_state;repo_evidence_reason	NOT_EXECUTED	NOT_CAPTURED	UNSET	VisualStudioWinFormsDesigner	NOT_EXECUTED	HARNESS_ONLY	UNSET	unit	catalog-cross-arch	VISUAL_STUDIO_REFERENCE_TRACE	HARNESS_ONLY	Repo automated for recovery timeline validation; VS reference trace remains not executed Evidence-integrity reconciliation: caller-supplied capability inspection is not product execution; no repository PASS.	NOT_MEASURED	NONE
2.0.0-phase0.2	V2-FND-001-S116	DIA-01	security	Refusal diagnostic never exposes secret-like resource values	A	modern	x64	ReadOnlyInspector	ReadOnly	Resource parsing fails on data node with secret-looking value	Open diagnostics for refusal	Diagnostic includes resource key and hash but not raw value	NONE	reference_trace_status;reference_trace_state;reference_trace_id;reference_trace_source;repo_execution_status;repo_automation_status;repo_evidence_refs;test_kinds;architecture_legs;external_gates;claim_boundary;scenario_manifest;runtime_architecture;authority_lane;persistence_lane;input_artifacts;action_log;expected_result;refusal_result;source_diff;resource_diff;undo_redo;roundtrip;diagnostics;performance_budget;accessibility_notes;security_notes;repo_evidence_state;repo_evidence_reason	NOT_EXECUTED	NOT_CAPTURED	UNSET	VisualStudioWinFormsDesigner	NOT_EXECUTED	HARNESS_ONLY	UNSET	unit	catalog-x64	VISUAL_STUDIO_REFERENCE_TRACE	HARNESS_ONLY	Repo automated for refusal diagnostic redaction and raw secret rejection; VS reference trace remains not executed Evidence-integrity reconciliation: caller-supplied capability inspection is not product execution; no repository PASS.	NOT_MEASURED	NONE
2.0.0-phase0.2	V2-FND-001-S117	SAF-01	safety	Patch plan refuses unrelated source diff	A	modern	x64	CommandPlanner	NoMutation	Property edit plan includes expected Text change and unexpected Form Size change	Preview and validate patch	Planner rejects patch because unrelated source diff is present	UNRELATED_SOURCE_DIFF	reference_trace_status;reference_trace_state;reference_trace_id;reference_trace_source;repo_execution_status;repo_automation_status;repo_evidence_refs;test_kinds;architecture_legs;external_gates;claim_boundary;scenario_manifest;runtime_architecture;authority_lane;persistence_lane;input_artifacts;action_log;expected_result;refusal_result;source_diff;resource_diff;undo_redo;roundtrip;diagnostics;performance_budget;accessibility_notes;security_notes;repo_evidence_state;repo_evidence_reason	NOT_EXECUTED	NOT_CAPTURED	UNSET	VisualStudioWinFormsDesigner	NOT_EXECUTED	HARNESS_ONLY	UNSET	unit	catalog-x64	VISUAL_STUDIO_REFERENCE_TRACE	HARNESS_ONLY	Repo automated for unrelated source diff refusal; VS reference trace remains not executed Evidence-integrity reconciliation: caller-supplied capability inspection is not product execution; no repository PASS.	NOT_MEASURED	NONE
2.0.0-phase0.2	V2-FND-001-S118	SAF-01	safety	Resource rollback restores exact bytes after failed commit	A	modern	arm64	CommandPlanner	MultiArtifactTransaction	Resource write succeeds but postcondition check fails during ImageList edit	Commit planned patch	Transaction compensates and resource bytes match baseline	POSTCONDITION_FAILED_ROLLED_BACK	reference_trace_status;reference_trace_state;reference_trace_id;reference_trace_source;repo_execution_status;repo_automation_status;repo_evidence_refs;test_kinds;architecture_legs;external_gates;claim_boundary;scenario_manifest;runtime_architecture;authority_lane;persistence_lane;input_artifacts;action_log;expected_result;refusal_result;source_diff;resource_diff;undo_redo;roundtrip;diagnostics;performance_budget;accessibility_notes;security_notes;repo_evidence_state;repo_evidence_reason	NOT_EXECUTED	NOT_CAPTURED	UNSET	VisualStudioWinFormsDesigner	PASS	AUTOMATED	MEASURED_AT_RUNTIME	unit;extension-host	catalog-arm64;physical-arm64-gated;repo-functional	VISUAL_STUDIO_REFERENCE_TRACE;ARM64_HARDWARE	REPO_AUTOMATED	REPO_AUTOMATED: real modern CustomEditor ImageList edit on VS Code 1.84.0 and 1.134.0 writes the planned resx image, then the test-only seam rejects only after real byte-fingerprint postconditions passed; the shipped transaction runner compensates to the exact source, Designer, and opaque-resx baselines without dirty state or native history; 314/314 unit tests also cover exact-byte journal rollback. Actual Visual Studio and physical ARM64 remain external NOT_EXECUTED/GATED	MEASURED_SUFFICIENT	NONE
2.0.0-phase0.2	V2-FND-001-S119	SAF-01	security	Refuse arbitrary source execution during metadata scan	A	net48	x64	ReadOnlyInspector	NoMutation	Metadata candidate requires running project method to compute property value	Load property metadata	Operation refuses and never invokes arbitrary source method	ARBITRARY_SOURCE_EXECUTION_REQUIRED	reference_trace_status;reference_trace_state;reference_trace_id;reference_trace_source;repo_execution_status;repo_automation_status;repo_evidence_refs;test_kinds;architecture_legs;external_gates;claim_boundary;scenario_manifest;runtime_architecture;authority_lane;persistence_lane;input_artifacts;action_log;expected_result;refusal_result;source_diff;resource_diff;undo_redo;roundtrip;diagnostics;performance_budget;accessibility_notes;security_notes;repo_evidence_state;repo_evidence_reason	NOT_EXECUTED	NOT_CAPTURED	UNSET	VisualStudioWinFormsDesigner	NOT_EXECUTED	HARNESS_ONLY	UNSET	unit	catalog-x64	VISUAL_STUDIO_REFERENCE_TRACE	HARNESS_ONLY	Repo automated for arbitrary source execution refusal; VS reference trace remains not executed Evidence-integrity reconciliation: caller-supplied capability inspection is not product execution; no repository PASS.	NOT_MEASURED	NONE
2.0.0-phase0.2	V2-FND-001-S120	SAF-01	roundtrip	Visual Studio save after extension edit has no unrelated diff	A	visual-studio-reference	x64	ExternalToolRoundTrip	MultiArtifactTransaction	Extension moves Button then Visual Studio opens and saves the form	Compare source and resources before and after VS save	Only expected semantic normalization appears and unrelated diff budget is zero	NONE	reference_trace_status;reference_trace_state;reference_trace_id;reference_trace_source;repo_execution_status;repo_automation_status;repo_evidence_refs;test_kinds;architecture_legs;external_gates;claim_boundary;scenario_manifest;runtime_architecture;authority_lane;persistence_lane;input_artifacts;action_log;expected_result;refusal_result;source_diff;resource_diff;undo_redo;roundtrip;diagnostics;performance_budget;accessibility_notes;security_notes;repo_evidence_state;repo_evidence_reason	PASS	ARCHIVED	VS18.7.11911.148-20260821T173527Z-S120	docs/v2/reference-traces/VS18.7.11911.148-20260821T173527Z/V2-FND-001-S120/manifest.json	PASS	AUTOMATED	MEASURED_AT_RUNTIME	extension-host	catalog-x64;repo-functional	NONE	REPO_AUTOMATED	Every real Extension Host regression performs the bounded button1 move and save, proves code-behind preservation, exact CustomDocument-to-Designer disk bytes, native Undo, and byte-exact cleanup; archived Visual Studio Enterprise 2026 18.7 Save All then preserves the same source and Designer artifacts byte-identically. This is a bounded S120 fixture result, not broad unmeasured form-family parity	MEASURED_SUFFICIENT	NONE
2.0.0-phase0.2	V2-FND-001-S121	AUT-01	automation	Headless validation reports compatibility matrix	A	headless	n/a	ReadOnlyInspector	ReadOnly	Corpus contains standard resource vendor and unsupported forms	Run headless designer validation CLI	JSON report lists compatibility fallback diff security and leak summaries	NONE	reference_trace_status;reference_trace_state;reference_trace_id;reference_trace_source;repo_execution_status;repo_automation_status;repo_evidence_refs;test_kinds;architecture_legs;external_gates;claim_boundary;scenario_manifest;runtime_architecture;authority_lane;persistence_lane;input_artifacts;action_log;expected_result;refusal_result;source_diff;resource_diff;undo_redo;roundtrip;diagnostics;performance_budget;accessibility_notes;security_notes;repo_evidence_state;repo_evidence_reason	NOT_EXECUTED	NOT_CAPTURED	UNSET	VisualStudioWinFormsDesigner	NOT_EXECUTED	HARNESS_ONLY	UNSET	unit	not-applicable	VISUAL_STUDIO_REFERENCE_TRACE;VENDOR_ARTIFACT	HARNESS_ONLY	Repo automated for headless compatibility matrix CLI/report path; VS reference trace and vendor artifact remain not executed Evidence-integrity reconciliation: caller-supplied capability inspection is not product execution; no repository PASS.	NOT_MEASURED	NONE
2.0.0-phase0.2	V2-FND-001-S122	AUT-01	performance	Headless validation enforces performance budgets	A	headless	n/a	ReadOnlyInspector	ReadOnly	Corpus includes 50-control 300-control and vendor-heavy forms	Run headless validation with perf capture	Report contains capture preview commit and reconciliation timings per form	NONE	reference_trace_status;reference_trace_state;reference_trace_id;reference_trace_source;repo_execution_status;repo_automation_status;repo_evidence_refs;test_kinds;architecture_legs;external_gates;claim_boundary;scenario_manifest;runtime_architecture;authority_lane;persistence_lane;input_artifacts;action_log;expected_result;refusal_result;source_diff;resource_diff;undo_redo;roundtrip;diagnostics;performance_budget;accessibility_notes;security_notes;repo_evidence_state;repo_evidence_reason	NOT_EXECUTED	NOT_CAPTURED	UNSET	VisualStudioWinFormsDesigner	PASS	AUTOMATED	MEASURED_AT_RUNTIME	unit;webview;extension-host	not-applicable;repo-functional	VISUAL_STUDIO_REFERENCE_TRACE;PERFORMANCE_LAB;VENDOR_ARTIFACT	REPO_AUTOMATED	Repository PASS is backed by real x64 VS Code Extension Host runs on 1.84.0 and 1.134.0 over actual generated 50-control and 300-control forms plus an in-repo FakeVendor-heavy form at logical 100/125/150/200 percent DPI, using fresh retained graphs, product phase telemetry, native Undo, and byte-exact disk guards; all frozen budgets pass. Physical lab p95, the Visual Studio reference trace, and a licensed vendor artifact remain explicit external gates	MEASURED_SUFFICIENT	NONE
2.0.0-phase0.2	V2-FND-001-S123	AUT-01	security	Headless validation refuses untrusted hosted code by default	B	headless	n/a	ReadOnlyInspector	NoMutation	Corpus includes FakeVendor form requiring hosted code and trust opt-in absent	Run headless validation	Report marks hosted path refused and does not load vendor assembly	TRUST_OPT_IN_REQUIRED	reference_trace_status;reference_trace_state;reference_trace_id;reference_trace_source;repo_execution_status;repo_automation_status;repo_evidence_refs;test_kinds;architecture_legs;external_gates;claim_boundary;scenario_manifest;runtime_architecture;authority_lane;persistence_lane;input_artifacts;action_log;expected_result;refusal_result;source_diff;resource_diff;undo_redo;roundtrip;diagnostics;performance_budget;accessibility_notes;security_notes;repo_evidence_state;repo_evidence_reason	NOT_EXECUTED	NOT_CAPTURED	UNSET	VisualStudioWinFormsDesigner	NOT_EXECUTED	HARNESS_ONLY	UNSET	unit	not-applicable	VISUAL_STUDIO_REFERENCE_TRACE;VENDOR_ARTIFACT	HARNESS_ONLY	Repo automated for default hosted-code trust refusal; VS reference trace and vendor artifact remain not executed Evidence-integrity reconciliation: caller-supplied capability inspection is not product execution; no repository PASS.	NOT_MEASURED	NONE
2.0.0-phase0.2	V2-FND-001-S124	AUT-01	recovery	Headless validation survives worker crash and continues corpus	A	headless	n/a	WorkerSupervisor	ReadOnly	Corpus has one crashing vendor form between two standard forms	Run headless validation	Crash is recorded one scenario fails or refuses and later forms still run	NONE	reference_trace_status;reference_trace_state;reference_trace_id;reference_trace_source;repo_execution_status;repo_automation_status;repo_evidence_refs;test_kinds;architecture_legs;external_gates;claim_boundary;scenario_manifest;runtime_architecture;authority_lane;persistence_lane;input_artifacts;action_log;expected_result;refusal_result;source_diff;resource_diff;undo_redo;roundtrip;diagnostics;performance_budget;accessibility_notes;security_notes;repo_evidence_state;repo_evidence_reason	NOT_EXECUTED	NOT_CAPTURED	UNSET	VisualStudioWinFormsDesigner	PASS	AUTOMATED	MEASURED_AT_RUNTIME	unit;extension-host	not-applicable;repo-functional	VISUAL_STUDIO_REFERENCE_TRACE;VENDOR_ARTIFACT	REPO_AUTOMATED	Repo automated on VS Code 1.84 and Stable: a real mapped modern worker is killed while a CustomEditor is open, edit authority is revoked, crash state is disclosed, a fresh OS process restores the exact clean graph, ordinary property edit and native Undo succeed, and a later standard form renders and edits on that recovered worker; headless continuation reporting also passes; VS reference trace and external vendor artifact remain not executed	MEASURED_SUFFICIENT	NONE
2.0.0-phase0.2	V2-FND-001-S125	A11-01	accessibility	Advisor flags inaccessible Button name without mutating	A	modern	x64	ReadOnlyInspector	ReadOnly	Button has image and empty accessible name	Run accessibility advisor	Problem diagnostic is emitted with opt-in quick fix and no source change	NONE	reference_trace_status;reference_trace_state;reference_trace_id;reference_trace_source;repo_execution_status;repo_automation_status;repo_evidence_refs;test_kinds;architecture_legs;external_gates;claim_boundary;scenario_manifest;runtime_architecture;authority_lane;persistence_lane;input_artifacts;action_log;expected_result;refusal_result;source_diff;resource_diff;undo_redo;roundtrip;diagnostics;performance_budget;accessibility_notes;security_notes;repo_evidence_state;repo_evidence_reason	NOT_EXECUTED	NOT_CAPTURED	UNSET	VisualStudioWinFormsDesigner	NOT_EXECUTED	HARNESS_ONLY	UNSET	unit	catalog-x64	VISUAL_STUDIO_REFERENCE_TRACE	HARNESS_ONLY	Repo automated for non-mutating accessibility advisor finding and preview-only quick fix; VS reference trace remains not executed Evidence-integrity reconciliation: caller-supplied capability inspection is not product execution; no repository PASS.	NOT_MEASURED	NONE
2.0.0-phase0.2	V2-FND-001-S126	A11-01	accessibility	Advisor quick fix previews high DPI scaling change	A	modern	arm64	CommandPlanner	LaneA_MinimalSource	Form has AutoScaleMode None and DPI advisor rule enabled	Preview and accept AutoScaleMode quick fix	Patch preview shows exact source change and undo restores baseline	NONE	reference_trace_status;reference_trace_state;reference_trace_id;reference_trace_source;repo_execution_status;repo_automation_status;repo_evidence_refs;test_kinds;architecture_legs;external_gates;claim_boundary;scenario_manifest;runtime_architecture;authority_lane;persistence_lane;input_artifacts;action_log;expected_result;refusal_result;source_diff;resource_diff;undo_redo;roundtrip;diagnostics;performance_budget;accessibility_notes;security_notes;repo_evidence_state;repo_evidence_reason	NOT_EXECUTED	NOT_CAPTURED	UNSET	VisualStudioWinFormsDesigner	PASS	AUTOMATED	MEASURED_AT_RUNTIME	unit;extension-host	catalog-arm64;physical-arm64-gated;repo-functional	VISUAL_STUDIO_REFERENCE_TRACE;ARM64_HARDWARE	REPO_AUTOMATED	Repo automated for the visible read-only diff, exact AutoScaleMode None-to-Font proposal, accepted normal CustomDocument commit, byte-exact disk, native Undo/Redo, and stale-preview refusal in a real x64 Extension Host; physical ARM64 and VS reference trace remain gated or not executed	MEASURED_SUFFICIENT	NONE
2.0.0-phase0.2	V2-FND-001-S127	A11-01	localization	Advisor flags missing localized Text in target culture	A	net48	x64	ReadOnlyInspector	ReadOnly	Form has neutral text and missing es-ES localized resource	Run localization advisor for es-ES	Problem diagnostic names missing key fallback and optional fix route	NONE	reference_trace_status;reference_trace_state;reference_trace_id;reference_trace_source;repo_execution_status;repo_automation_status;repo_evidence_refs;test_kinds;architecture_legs;external_gates;claim_boundary;scenario_manifest;runtime_architecture;authority_lane;persistence_lane;input_artifacts;action_log;expected_result;refusal_result;source_diff;resource_diff;undo_redo;roundtrip;diagnostics;performance_budget;accessibility_notes;security_notes;repo_evidence_state;repo_evidence_reason	NOT_EXECUTED	NOT_CAPTURED	UNSET	VisualStudioWinFormsDesigner	NOT_EXECUTED	HARNESS_ONLY	UNSET	unit	catalog-x64	VISUAL_STUDIO_REFERENCE_TRACE	HARNESS_ONLY	Repo automated for localization advisor fallback diagnostic; VS reference trace remains not executed Evidence-integrity reconciliation: caller-supplied capability inspection is not product execution; no repository PASS.	NOT_MEASURED	NONE
2.0.0-phase0.2	V2-FND-001-S128	A11-01	safety	Advisor quick fix refuses stale baseline	A	cross-runtime	cross-arch	CommandPlanner	NoMutation	Advisor preview is open and designer source changes on disk	Accept advisor quick fix	Quick fix refuses before mutation and requests refresh	STALE_ADVISOR_BASELINE	reference_trace_status;reference_trace_state;reference_trace_id;reference_trace_source;repo_execution_status;repo_automation_status;repo_evidence_refs;test_kinds;architecture_legs;external_gates;claim_boundary;scenario_manifest;runtime_architecture;authority_lane;persistence_lane;input_artifacts;action_log;expected_result;refusal_result;source_diff;resource_diff;undo_redo;roundtrip;diagnostics;performance_budget;accessibility_notes;security_notes;repo_evidence_state;repo_evidence_reason	NOT_EXECUTED	NOT_CAPTURED	UNSET	VisualStudioWinFormsDesigner	PASS	AUTOMATED	MEASURED_AT_RUNTIME	unit;extension-host	catalog-cross-arch;repo-functional	VISUAL_STUDIO_REFERENCE_TRACE	REPO_AUTOMATED	Repo automated in a real CustomEditor for exact revision-bound stale advisor refusal without replacing the intervening edit, plus headless coverage; VS reference trace remains not executed	MEASURED_SUFFICIENT	NONE
